chr	pos	ref	alt	normal_ref_count	normal_alt_count	pct_normal_alt	tumor_ref_count	tumor_alt_count	pct_tumor_alt	tn_pct_alt_ratio	gene	context	dbsnp_id	effect	coding	codon_change	amino_acid_change	amino_acid_length	mutect_call	on/off-target
chr17	38465538	G	C	299	0	0.0	521	59	10.17	100.0	RARA	GCAxGTA	NA	SPLICE_SITE_REGION	CODING			462	KEEP	ON
chr2	21236123	A	G	277	0	0.0	276	52	15.85	100.0	APOB	GCCxCCA	NA	SYNONYMOUS_CODING	CODING	ggT/ggC	G1375	4563	KEEP	ON
chr16	10989591	G	A	308	0	0.0	286	49	14.63	100.0	CIITA	GATxAAG	NA	EXON	CODING				KEEP	ON
chr17	74467861	G	C	92	0	0.0	87	23	20.91	100.0	AANAT	GCAxTGA	NA	DOWNSTREAM	CODING	1662		207	KEEP	ON
chr3	12625123	T	C	41	0	0.0	37	15	28.85	100.0	MKRN2	TTTxATT	NA	UTR_3_PRIME	CODING	1371		373	KEEP	ON
chr18	42644115	G	A	330	0	0.0	388	10	2.51	100.0	SETBP1	CCCxTTC	151238478	UTR_3_PRIME	CODING	452		1596	KEEP	ON
chr3	46477639	G	A	94	0	0.0	120	9	6.98	100.0	LTF	GCAxTGA	NA	UTR_3_PRIME	CODING	47		666	KEEP	ON
chr15	41021734	G	A	191	0	0.0	282	8	2.76	100.0	RAD51	ACCxCCC	NA	NON_SYNONYMOUS_CODING	CODING	Gcc/Acc	A226T	280	KEEP	ON
chr20	62294015	C	T	59	0	0.0	96	7	6.8	100.0	RTEL1	GTCxGAC	2297434	INTRON	CODING			1219	KEEP	ON
chr20	62309554	C	T	84	0	0.0	89	7	7.29	100.0	RTEL1	CCCxGCC	41309367	INTRON	CODING			1219	KEEP	ON
chr5	149459782	C	T	123	0	0.0	180	6	3.23	100.0	CSF1R	ACAxGCA	NA	EXON	CODING				KEEP	ON
chr6	36100351	G	A	190	0	0.0	154	6	3.75	100.0	MAPK13	GGAxGAG	NA	INTRON	CODING			365	KEEP	ON
chr9	139401504	G	A	8	0	0.0	3	6	66.67	100.0	NOTCH1	GACxAGC	3124596	INTRON	CODING			2555	KEEP	ON
chr17	36873749	C	T	59	0	0.0	137	6	4.2	100.0	MLLT6	CAGxACC	NA	SYNONYMOUS_CODING	CODING	agC/agT	S572	1093	KEEP	ON
chr20	31374991	G	A	86	0	0.0	109	6	5.22	100.0	DNMT3B	ACCxACA	4911107	INTRON	CODING			694	KEEP	ON
chrX	53222027	G	A	81	0	0.0	154	6	3.75	100.0	MIR6895	GCGxGTA	NA	DOWNSTREAM	NON_CODING	2566			KEEP	ON
chr1	36638161	G	A	80	0	0.0	116	5	4.13	100.0	MAP7D1	AACxTCT	NA	NON_SYNONYMOUS_CODING	CODING	cGt/cAt	R186H	803	KEEP	ON
chr12	48240595	C	T	93	0	0.0	112	5	4.27	100.0	VDR	CTGxAGG	NA	INTRON	CODING			427	KEEP	ON
chr12	49425626	G	A	133	0	0.0	142	5	3.4	100.0	KMT2D	GCCxGGG	NA	NON_SYNONYMOUS_CODING	CODING	Cgg/Tgg	R4288W	5537	KEEP	ON
chr1	156437381	G	A	73	0	0.0	74	4	5.13	100.0	MEF2D	CGGxCGG	NA	UTR_3_PRIME	CODING	56		514	KEEP	ON
chr1	204399172	G	A	31	0	0.0	25	4	13.79	100.0	PIK3C2B	GGCxTGG	373500155	INTRON	CODING			1634	KEEP	ON
chr1	206649495	C	T	58	0	0.0	89	4	4.3	100.0	MIR6769B	AGCxAGC	NA	DOWNSTREAM	NON_CODING	1288			KEEP	ON
chr1	228509119	G	A	46	0	0.0	85	4	4.49	100.0	OBSCN	ACTxGGA	NA	SYNONYMOUS_CODING	CODING	ctG/ctA	L4859	6620	KEEP	ON
chr2	240061415	C	T	27	0	0.0	36	4	10.0	100.0	HDAC4	TACxGTT	NA	NON_SYNONYMOUS_CODING	CODING	Ggt/Agt	G315S	1084	KEEP	ON
chr3	126707950	G	A	47	0	0.0	74	4	5.13	100.0	PLXNA1	GGCxTGC	NA	NON_SYNONYMOUS_CODING	CODING	Gtg/Atg	V172M	1896	KEEP	ON
chr8	38323748	C	T	68	0	0.0	69	4	5.48	100.0	FGFR1	CCCxGGC	NA	INTRON	CODING			731	KEEP	ON
chr11	68153977	C	T	75	0	0.0	76	4	5.0	100.0	LRP5	GGAxGGG	142055640	SYNONYMOUS_CODING	CODING	gaC/gaT	D403	1615	KEEP	ON
chr12	2788743	C	T	41	0	0.0	70	4	5.41	100.0	CACNA1C-AS1	AGTxGCC	375571032	INTRON	NON_CODING				KEEP	ON
chr12	124911127	G	A	66	0	0.0	64	4	5.88	100.0	NCOR2	GGGxTGG	NA	INTRON	CODING			2458	KEEP	ON
chr13	113973971	G	A	46	0	0.0	81	4	4.71	100.0	GRTP1	CACxGTA	NA	DOWNSTREAM	CODING	4508		236	KEEP	ON
chr15	25924909	G	A	64	0	0.0	95	4	4.04	100.0	ATP10A	ACCxGCT	113319791	NON_SYNONYMOUS_CODING	CODING	cCg/cTg	P1360L	1499	KEEP	ON
chr16	11348544	G	A	67	0	0.0	88	4	4.35	100.0	SOCS1	GCGxCCT	NA	UTR_3_PRIME	CODING	156		211	KEEP	ON
chr17	74733376	G	A	116	0	0.0	75	4	5.06	100.0	METTL23	CACxGAC	150381051	DOWNSTREAM	CODING	3414		123	KEEP	ON
chr18	47802118	G	T	65	0	0.0	46	4	8.0	100.0	MBD1	GGTxGGA	NA	INTRON	CODING			503	KEEP	ON
chr19	15289804	G	A	57	0	0.0	70	4	5.41	100.0	MIR6795	CGGxGTC	NA	DOWNSTREAM	NON_CODING	290			KEEP	ON
chr19	19257875	G	A	77	0	0.0	89	4	4.3	100.0	MEF2BNB-MEF2B	GTCxGAA	NA	EXON	CODING				KEEP	ON
chr19	55451153	C	T	59	0	0.0	79	4	4.82	100.0	NLRP7	GCAxGCA	NA	NON_SYNONYMOUS_CODING	CODING	cGt/cAt	R345H	1009	KEEP	ON
chr1	18958182	G	A	18	0	0.0	33	3	8.33	100.0	PAX7	GAAxGTA	NA	NON_SYNONYMOUS_CODING	CODING	Gtg/Atg	V29M	505	KEEP	ON
chr5	1293768	C	T	32	0	0.0	27	3	10.0	100.0	TERT	GTGxGTC	NA	SYNONYMOUS_CODING	CODING	acG/acA	T411	1069	KEEP	ON
chr12	132528836	C	T	31	0	0.0	47	3	6.0	100.0	EP400	ACGxGAG	NA	STOP_GAINED	CODING	Cga/Tga	R2189*	3123	KEEP	ON
chr16	341240	C	A	12	0	0.0	18	3	14.29	100.0	PDIA2	CACxGGC	NA	DOWNSTREAM	CODING	4031		525	KEEP	ON
chr16	347009	G	A	9	0	0.0	9	3	25.0	100.0	AXIN1	AGGxGTG	NA	INTRON	CODING			826	KEEP	ON
chr16	31072574	G	A	17	0	0.0	16	3	15.79	100.0	ZNF668	GCAxCCC	NA	SYNONYMOUS_CODING	CODING	Ctg/Ttg	L559	619	KEEP	ON
chr17	29422180	C	T	64	0	0.0	46	3	6.12	100.0	MIR4733	CATxCCC	NA	UPSTREAM	NON_CODING	737			KEEP	ON
chr17	78938195	G	A	25	0	0.0	23	3	11.54	100.0	RPTOR	CCGxGGC	NA	UTR_3_PRIME	CODING	65		1177	KEEP	ON
chr19	15292009	C	T	16	0	0.0	18	3	14.29	100.0	NOTCH3	CTCxGCC	NA	INTRON	CODING			2321	KEEP	ON
chr19	45855593	G	A	30	0	0.0	39	3	7.14	100.0	KLC3	CTTxTCC	NA	DOWNSTREAM	CODING	815		504	KEEP	ON
chr3	138665015	C	T	8	0	0.0	2	2	50.0	100.0	FOXL2	CGTxGGC	NA	NON_SYNONYMOUS_CODING	CODING	Gac/Aac	D184N	376	KEEP	ON
chr11	92495246	G	C	498	1	0.2	603	138	18.62	93.1	FAT3	TGGxAAT	NA	SYNONYMOUS_CODING	CODING	ggG/ggC	G1298	4557	KEEP	ON
chr7	50455075	C	T	473	1	0.21	561	110	16.39	78.0476190476	IKZF1	GGCxGAA	NA	INTRON	CODING			249	KEEP	ON
chr12	25398284	C	A	741	2	0.27	627	149	19.2	71.1111111111	KRAS	CCAxCAG	121913529	NON_SYNONYMOUS_CODING	CODING	gGt/gTt	G12V	188	KEEP	ON
chr17	78319835	G	A	200	1	0.5	226	52	18.71	37.42	RNF213	ACCxGGT	NA	NON_SYNONYMOUS_CODING	CODING	cGg/cAg	R2567Q	5207	KEEP	ON
chr1	45804264	C	T	712	5	0.7	452	144	24.16	34.5142857143	MUTYH	GGAxTGA	NA	INTRON	CODING			521	KEEP	ON
chr3	178936091	G	A	669	5	0.74	623	49	7.29	9.85135135135	PIK3CA	ACTxAGC	104886003	NON_SYNONYMOUS_CODING	CODING	Gag/Aag	E545K	1068	KEEP	ON
chr1	152285099	C	T	288	1	0.35	640	17	2.59	7.4	FLG	CTTxTGA	74129461	NON_SYNONYMOUS_CODING	CODING	Gaa/Aaa	E755K	4061	KEEP	ON
chr17	58711240	G	A	378	2	0.53	330	11	3.23	6.09433962264	PPM1D	ATCxTGT	NA	NON_SYNONYMOUS_CODING	CODING	cGt/cAt	R243H	605	KEEP	ON
chr11	65315409	G	A	56	1	1.75	37	4	9.76	5.57714285714	LTBP3	GCTxGGG	NA	STOP_GAINED	CODING	Cag/Tag	Q493*	1139	KEEP	ON
chr1	27056271	G	A	427	2	0.47	504	13	2.51	5.34042553191	ARID1A	TACxGGT	NA	NON_SYNONYMOUS_CODING	CODING	Ggg/Agg	G423R	2068	KEEP	ON
chr12	49431834	G	T	78	1	1.27	90	6	6.25	4.92125984252	KMT2D	GCAxGGG	NA	NON_SYNONYMOUS_CODING	CODING	cCt/cAt	P3102H	5537	KEEP	ON
chr20	40045808	G	A	110	1	0.9	111	5	4.31	4.78888888889	CHD6	GGGxTAG	NA	INTRON	CODING			2715	KEEP	ON
chr5	1253496	G	A	104	1	0.95	84	4	4.55	4.78947368421	TERT	AGGxGTG	NA	UTR_3_PRIME	CODING	347		1069	KEEP	ON
chr20	9547023	G	A	156	1	0.64	234	7	2.9	4.53125	PAK7	ATCxTAA	61729218	SYNONYMOUS_CODING	CODING	taC/taT	Y333	719	KEEP	ON
chr1	152281690	C	T	302	2	0.66	544	15	2.68	4.06060606061	FLG	GCCxGAG	12407748	NON_SYNONYMOUS_CODING	CODING	cGg/cAg	R1891Q	4061	KEEP	ON
chr4	88036259	G	A	259	2	0.77	252	8	3.08	4.0	AFF1	ACCxCTC	NA	SYNONYMOUS_CODING	CODING	ccG/ccA	P751	1210	KEEP	ON
chr11	65824791	C	T	255	2	0.78	223	7	3.04	3.89743589744	SF3B2	GAGxCCC	NA	NON_SYNONYMOUS_CODING	CODING	gCc/gTc	A241V	895	KEEP	ON
chr19	17953992	G	A	100	1	0.99	162	6	3.57	3.60606060606	JAK3	GCCxCCA	NA	INTRON	CODING			1124	KEEP	ON
chr10	123238837	G	A	89	1	1.11	150	6	3.85	3.46846846847	FGFR2	TGTxTAA	NA	DOWNSTREAM	CODING	2530		680	KEEP	ON
chr19	15290125	G	A	72	1	1.37	85	4	4.49	3.27737226277	MIR6795	AGGxAAT	56061231	EXON	NON_CODING				KEEP	ON
chr2	212242399	G	A	82	1	1.2	147	6	3.92	3.26666666667	ERBB4	TACxATT	NA	UTR_3_PRIME	CODING	5941		1292	KEEP	ON
chr1	2489959	C	T	56	1	1.75	67	4	5.63	3.21714285714	TNFRSF14	GCCxCCG	NA	INTRON	CODING			283	KEEP	ON
chr19	45797714	C	T	51	1	1.92	78	5	6.02	3.13541666667	MARK4	GTAxGGA	NA	INTRON	CODING			688	KEEP	ON
chr20	4163302	A	G	233	3	1.27	323	12	3.58	2.8188976378	SMOX	AGCxGAG	1051904	INTRON	CODING			190	KEEP	ON
chr17	62080240	G	A	58	1	1.69	80	4	4.76	2.81656804734	ICAM2	ACCxACA	NA	NON_SYNONYMOUS_CODING	CODING	tCg/tTg	S232L	275	KEEP	ON
chr20	36026148	G	A	63	1	1.56	88	4	4.35	2.78846153846	SRC	CACxTCC	142941466	SYNONYMOUS_CODING	CODING	acG/acA	T250	536	KEEP	ON
chr16	67693459	G	A	27	1	3.57	28	3	9.68	2.71148459384	RLTPR	GCCxGGG	NA	DOWNSTREAM	CODING	1987		1435	KEEP	ON
chr3	178935943	C	T	100	2	1.96	112	6	5.08	2.59183673469	PIK3CA	ATCxAGA	45455192	INTRON	CODING			1068	KEEP	ON
chr19	42778457	G	A	35	1	2.78	46	3	6.12	2.20143884892		GGCxGGG	NA	INTERGENIC					KEEP	ON
chr14	96178601	G	A	128	2	1.54	174	6	3.33	2.16233766234	TCL1A	ATCxGTA	NA	EXON	CODING				KEEP	ON
chr8	2054012	C	T	416	6	1.42	516	16	3.01	2.11971830986	MYOM2	CACxTCA	12677887	INTRON	CODING			1465	KEEP	ON
chr1	161643067	C	T	83	2	2.35	155	8	4.91	2.08936170213	FCGR2B	GGAxAAG	199544489	INTRON	CODING			290	KEEP	ON
chr19	7117340	G	A	169	3	1.74	215	7	3.15	1.81034482759	INSR	GTCxTCC	NA	SYNONYMOUS_CODING	CODING	gaC/gaT	D1280	1370	KEEP	ON
chr9	80537112	T	A	670	28	4.01	688	53	7.15	1.78304239401	GNAQ	GTGxGTC	NA	NON_SYNONYMOUS_CODING	CODING	Aca/Tca	T96S	359	KEEP	ON
chr7	33044951	C	G	317	10	3.06	460	18	3.77	1.23202614379	FKBP9	ACAxGAT	NA	NON_SYNONYMOUS_CODING	CODING	caC/caG	H335Q	338	KEEP	ON
chr2	233128076	G	A	243	6	2.41	352	10	2.76	1.14522821577	DIS3L2	GCCxTCT	NA	EXON	CODING				KEEP	ON
chr5	236696	G	A	308	11	3.45	305	12	3.79	1.09855072464	SDHA	ATCxAAG	143798161	NON_SYNONYMOUS_CODING	CODING	Gaa/Aaa	E472K	664	KEEP	ON
chrM	1412	G	A	71	0	0.0	95	84	46.93	100.0		TAAxGGT	NA	INTERGENIC					KEEP	OFF
chr3	77657215	C	G	200	0	0.0	299	69	18.75	100.0	ROBO2	CCAxCAT	NA	INTRON	CODING			1378	KEEP	OFF
chr1	209965509	G	A	37	0	0.0	23	22	48.89	100.0	IRF6	ACAxGTA	NA	INTRON	CODING			372	KEEP	OFF
chr10	127356243	G	A	29	0	0.0	25	16	39.02	100.0	TEX36	AAGxACG	NA	INTRON	CODING			186	KEEP	OFF
chrM	2269	T	C	103	0	0.0	163	9	5.23	100.0		AATxGGA	NA	INTERGENIC					KEEP	OFF
chr7	44244313	C	T	121	0	0.0	138	7	4.83	100.0	YKT6	TAGxACC	NA	INTRON	CODING			198	KEEP	OFF
chr9	87345426	C	T	45	0	0.0	87	6	6.45	100.0	NTRK2	AGGxGGG	NA	INTRON	CODING			477	KEEP	OFF
chr10	33545081	C	T	9	0	0.0	3	6	66.67	100.0	NRP1	GTTxTTC	11593943	INTRON	CODING			609	KEEP	OFF
chr12	6782318	G	A	118	0	0.0	147	6	3.92	100.0	ZNF384	GTAxGTG	NA	INTRON	CODING			461	KEEP	OFF
chr1	120151269	C	T	91	0	0.0	129	5	3.73	100.0		AAAxGGT	NA	INTERGENIC					KEEP	OFF
chr7	98489969	C	T	28	0	0.0	54	5	8.47	100.0	TRRAP	ACAxTTG	NA	INTRON	CODING			3830	KEEP	OFF
chr8	43822531	A	G	24	0	0.0	40	5	11.11	100.0		TGAxCAT	202236829	INTERGENIC					KEEP	OFF
chr9	33798522	G	A	64	0	0.0	120	5	4.0	100.0	PRSS3	CCGxTGC	NA	NON_SYNONYMOUS_CODING	CODING	Gtg/Atg	V158M	240	KEEP	OFF
chr16	31144334	C	T	99	0	0.0	73	5	6.41	100.0	KAT8	CCAxTGC	NA	DOWNSTREAM	CODING	1620		458	KEEP	OFF
chr16	46390170	T	A	17	0	0.0	17	5	22.73	100.0		ATTxCAT	4249026	INTERGENIC					KEEP	OFF
chr16	46394327	T	C	15	0	0.0	11	5	31.25	100.0		CCAxGTG	4538037	INTERGENIC					KEEP	OFF
chr16	46400058	A	T	80	0	0.0	59	5	7.81	100.0		TTCxGTT	9673753	INTERGENIC					KEEP	OFF
chr20	62922708	A	G	8	0	0.0	7	5	41.67	100.0	LINC00266-1	TTGxGGC	370411545	INTRON	NON_CODING				KEEP	OFF
chr1	2491972	G	A	100	0	0.0	96	4	4.0	100.0	TNFRSF14	CAGxTCT	NA	INTRON	CODING			283	KEEP	OFF
chr1	11735052	G	A	45	0	0.0	94	4	4.08	100.0	FBXO6	CCCxCAA	NA	DOWNSTREAM	CODING	643		293	KEEP	OFF
chr1	149307550	G	A	14	0	0.0	27	4	12.9	100.0		GTCxGCC	61786372	INTERGENIC					KEEP	OFF
chr2	58386314	A	G	22	0	0.0	27	4	12.9	100.0	FANCL	TAAxAAG	NA	DOWNSTREAM	CODING	64		375	KEEP	OFF
chr3	52227348	C	T	81	0	0.0	86	4	4.44	100.0		AACxGGT	NA	INTERGENIC					KEEP	OFF
chr4	62679715	G	T	28	0	0.0	33	4	10.81	100.0	LPHN3	CAGxGGT	NA	INTRON	CODING			1469	KEEP	OFF
chr4	80939941	G	A	41	0	0.0	33	4	10.81	100.0	ANTXR2	AATxTTA	NA	INTRON	CODING			411	KEEP	OFF
chr6	58778764	T	C	56	0	0.0	63	4	5.97	100.0		GCGxATG	4928649	INTERGENIC					KEEP	OFF
chr6	159342738	C	T	48	0	0.0	89	4	4.3	100.0		CAAxGAT	NA	INTERGENIC					KEEP	OFF
chr8	63056372	C	T	29	0	0.0	72	4	5.26	100.0		ACAxAGC	NA	INTERGENIC					KEEP	OFF
chr13	68406632	C	T	40	0	0.0	60	4	6.25	100.0		GTAxAGG	NA	INTERGENIC					KEEP	OFF
chr16	46396647	T	A	13	0	0.0	8	4	33.33	100.0		GATxTCA	4966898	INTERGENIC					KEEP	OFF
chr22	42545885	G	A	11	0	0.0	15	4	21.05	100.0		GGGxCAC	NA	INTERGENIC					KEEP	OFF
chr1	6206677	G	A	23	0	0.0	45	3	6.25	100.0	CHD5	AGGxCTC	NA	INTRON	CODING			1954	KEEP	OFF
chr1	120050050	C	T	22	0	0.0	33	3	8.33	100.0	HSD3B1	CTCxCCA	NA	UTR_5_PRIME	CODING	50		373	KEEP	OFF
chr3	31495312	G	A	25	0	0.0	40	3	6.98	100.0		GGAxGAG	NA	INTERGENIC					KEEP	OFF
chr8	46842217	A	G	18	0	0.0	21	3	12.5	100.0		TGAxCAT	113666082	INTERGENIC					KEEP	OFF
chr8	128428280	G	A	21	0	0.0	25	3	10.71	100.0	POU5F1B	GAGxTGT	NA	NON_SYNONYMOUS_CODING	CODING	Gtg/Atg	V57M	359	KEEP	OFF
chr12	111345064	G	A	37	0	0.0	43	3	6.52	100.0	MYL2	GACxCCA	NA	DOWNSTREAM	CODING	3560		166	KEEP	OFF
chr14	36988934	G	T	23	0	0.0	47	3	6.0	100.0	NKX2-1	AGAxAGA	NA	INTRON	CODING			401	KEEP	OFF
chr15	68650852	G	A	23	0	0.0	34	3	8.11	100.0	ITGA11	GCTxAAC	NA	STOP_GAINED	CODING	Cag/Tag	Q182*	1188	KEEP	OFF
chr16	46386590	T	C	22	0	0.0	18	3	14.29	100.0		CCCxTCG	7202166	INTERGENIC					KEEP	OFF
chr16	46389602	C	G	59	0	0.0	45	3	6.25	100.0		ATTxCAT	28788932	INTERGENIC					KEEP	OFF
chr16	46394443	C	T	34	0	0.0	25	3	10.71	100.0		GTTxGAT	9746656	INTERGENIC					KEEP	OFF
chr16	46394949	T	C	28	0	0.0	37	3	7.5	100.0		TGAxTTC	4527045	INTERGENIC					KEEP	OFF
chr16	46404505	T	C	38	0	0.0	29	3	9.38	100.0		GATxCCA	7500191	INTERGENIC					KEEP	OFF
chrY	13843713	A	C	9	0	0.0	1	3	75.0	100.0		GAAxGGA	NA	INTERGENIC					KEEP	OFF
chrUn_gl000225	67525	T	G	41	0	0.0	5	3	37.5	100.0		CACxGAT	NA	INTERGENIC					KEEP	OFF
chr4	49108213	A	T	29	0	0.0	11	2	15.38	100.0		TCCxTTC	377031903	INTERGENIC					KEEP	OFF
chr5	59756313	G	T	16	0	0.0	10	2	16.67	100.0	PDE4D	TCTxACA	NA	INTRON	CODING			748	KEEP	OFF
chr7	55248806	C	T	12	0	0.0	10	2	16.67	100.0	EGFR-AS1	TCAxTTC	NA	EXON	NON_CODING				KEEP	OFF
chr7	65968805	G	T	15	0	0.0	6	2	25.0	100.0		TTCxGGG	NA	INTERGENIC					KEEP	OFF
chr9_gl000199_random	84784	G	C	16	0	0.0	11	2	15.38	100.0		CCTxGTA	NA	INTERGENIC					KEEP	OFF
chr11	4116154	C	A	22	0	0.0	10	2	16.67	100.0	STIM1	ACCxTTC	NA	DOWNSTREAM	CODING	1714		540	KEEP	OFF
chr16	33975083	C	A	10	0	0.0	2	2	50.0	100.0		AAGxTTT	143571108	INTERGENIC					KEEP	OFF
chr16	46391781	G	A	9	0	0.0	4	2	33.33	100.0		GATxATT	11247530	INTERGENIC					KEEP	OFF
chr16	46394344	A	G	17	0	0.0	14	2	12.5	100.0		TCAxTTC	28890297	INTERGENIC					KEEP	OFF
chr16	46433311	T	C	22	0	0.0	7	2	22.22	100.0		CGAxGGC	28884774	INTERGENIC					KEEP	OFF
chr18	108473	T	C	28	0	0.0	5	2	28.57	100.0	MIR8078	TTGxGAC	NA	DOWNSTREAM	NON_CODING	3783			KEEP	OFF
chr21	10820069	T	G	25	0	0.0	7	2	22.22	100.0		GAAxGGA	NA	INTERGENIC					KEEP	OFF
chr21	10831456	G	A	24	0	0.0	0	2	100.0	100.0		CCCxAAT	28671483	INTERGENIC					KEEP	OFF
chrX	39646950	G	A	10	0	0.0	6	2	25.0	100.0		GCCxACA	7392258	INTERGENIC					KEEP	OFF
chrX	70347524	C	T	9	0	0.0	6	2	25.0	100.0	MED12	CACxCTC	NA	INTRON	CODING			2177	KEEP	OFF
chrX	73351382	G	T	12	0	0.0	9	2	18.18	100.0	FTX	TGTxCCT	NA	INTRON	NON_CODING				KEEP	OFF
chrUn_gl000220	131207	C	G	25	0	0.0	7	2	22.22	100.0	LOC100507412	TCTxTTT	NA	DOWNSTREAM	NON_CODING	4511			KEEP	OFF
chrUn_gl000220	138524	A	G	10	0	0.0	14	2	12.5	100.0		ATGxTAG	NA	INTERGENIC					KEEP	OFF
chrUn_gl000224	8256	T	A	8	0	0.0	11	2	15.38	100.0		CGCxAAA	NA	INTERGENIC					KEEP	OFF
chrM	12346	G	A	98	1	1.01	37	107	74.31	73.5742574257		CATxCAC	NA	INTERGENIC					KEEP	OFF
chr12	125420080	G	A	156	1	0.64	157	8	4.85	7.578125		TTCxTAA	NA	INTERGENIC					KEEP	OFF
chr16	46395402	C	A	86	1	1.15	60	5	7.69	6.68695652174		ATTxCAT	4246406	INTERGENIC					KEEP	OFF
chr16	46407723	C	T	119	1	0.83	89	5	5.32	6.40963855422		TTCxATT	4459567	INTERGENIC					KEEP	OFF
chr1	36944960	G	A	219	1	0.45	339	10	2.87	6.37777777778	CSF3R	GCAxTGC	NA	INTRON	CODING			783	KEEP	OFF
chrM	12896	G	A	83	1	1.19	202	15	6.91	5.80672268908		TTAxCAT	NA	INTERGENIC					KEEP	OFF
chr1	43392989	A	C	179	1	0.56	274	9	3.18	5.67857142857	SLC2A1	TTTxCCT	NA	INTRON	CODING			492	KEEP	OFF
chr16	46392035	A	T	115	1	0.86	130	6	4.41	5.12790697674		ATTxTAT	4452114	INTERGENIC					KEEP	OFF
chrUn_gl000220	135480	T	C	22	1	4.35	18	5	21.74	4.99770114943		TGTxGTT	NA	INTERGENIC					KEEP	OFF
chr6	58776645	A	C	60	1	1.64	64	5	7.25	4.42073170732		TGGxCCA	4320399	INTERGENIC					KEEP	OFF
chrUn_gl000220	133313	G	C	24	1	4.0	15	3	16.67	4.1675		CATxTCT	NA	INTERGENIC					KEEP	OFF
chr10	114903887	G	A	26	1	3.7	28	5	15.15	4.09459459459	TCF7L2	TGTxTGT	NA	INTRON	CODING			408	KEEP	OFF
chr16	46404581	C	G	72	3	4.0	65	12	15.58	3.895		CCAxTCG	4232858	INTERGENIC					KEEP	OFF
chr6	58778626	C	A	59	1	1.67	60	4	6.25	3.74251497006		AACxCAG	NA	INTERGENIC					KEEP	OFF
chrUn_gl000226	7024	C	G	37	1	2.63	28	3	9.68	3.68060836502		GCAxTCT	NA	INTERGENIC					KEEP	OFF
chr5	1280152	G	A	56	1	1.75	79	5	5.95	3.4	TERT	GCCxTGC	34859168	INTRON	CODING			1069	KEEP	OFF
chr1	145209116	T	C	39	2	4.88	38	7	15.56	3.18852459016	NBPF20	TGCxTCG	NA	INTRON	CODING			4963	KEEP	OFF
chr16	46391488	G	A	106	2	1.85	66	4	5.71	3.08648648649		AACxATG	4322693	INTERGENIC					KEEP	OFF
chr6	58779069	T	C	46	2	4.17	42	6	12.5	2.99760191847		GTAxTTC	NA	INTERGENIC					KEEP	OFF
chr16	9851230	T	A	40	1	2.44	64	5	7.25	2.97131147541	GRIN2A	TTTxAAA	78296872	UTR_3_PRIME	CODING	5776		1464	KEEP	OFF
chr8	46841804	G	C	26	1	3.7	33	4	10.81	2.92162162162		CGGxCTT	NA	INTERGENIC					KEEP	OFF
chr16	46394183	A	T	66	2	2.94	33	3	8.33	2.83333333333		TCCxTTC	4967783	INTERGENIC					KEEP	OFF
chr3	195410751	C	T	288	3	1.03	354	10	2.75	2.66990291262	SDHAP2	GCTxGTT	9871557	INTRON	NON_CODING				KEEP	OFF
chr16	46393118	C	T	91	2	2.15	66	4	5.71	2.65581395349		ATTxGAT	4278771	INTERGENIC					KEEP	OFF
chr16	46391941	G	A	122	3	2.4	125	8	6.02	2.50833333333		TCCxTTC	4249500	INTERGENIC					KEEP	OFF
chr7	151970710	C	A	813	26	3.1	773	63	7.54	2.43225806452	KMT2C	TAAxACT	NA	INTRON	CODING			4911	KEEP	OFF
chrX	147280138	C	T	117	2	1.68	190	8	4.04	2.40476190476		TATxGTG	NA	INTERGENIC					KEEP	OFF
chr16	46403648	T	G	104	3	2.8	86	6	6.52	2.32857142857		CGAxGAT	4265990	INTERGENIC					KEEP	OFF
chr14	103342949	G	A	106	2	1.85	90	4	4.26	2.3027027027	TRAF3	TCCxTTC	NA	INTRON	CODING			485	KEEP	OFF
chr17	56599336	G	A	83	2	2.35	70	4	5.41	2.30212765957	SEPT4	GCCxAAG	NA	EXON	CODING				KEEP	OFF
chr16	46392239	C	T	62	3	4.62	29	3	9.38	2.0303030303		CGTxGGT	4103659	INTERGENIC					KEEP	OFF
chr7	61968868	A	C	184	8	4.17	165	14	7.82	1.87529976019		CAGxAAA	2167864	INTERGENIC					KEEP	OFF
chr16	46392133	C	T	98	4	3.92	52	4	7.14	1.82142857143		ATTxCAT	9746156	INTERGENIC					KEEP	OFF
chr7	61969291	T	C	150	6	3.85	176	13	6.88	1.78701298701		TTAxGTC	9654817	INTERGENIC					KEEP	OFF
chr16	50816513	G	A	23	1	4.17	38	3	7.32	1.75539568345	CYLD	ACTxTGG	NA	INTRON	CODING			953	KEEP	OFF
chr21	11021106	A	G	422	9	2.09	618	23	3.59	1.71770334928	BAGE2	TTCxAAC	NA	INTRON	CODING			109	KEEP	OFF
chr16	46393134	T	C	83	3	3.49	63	4	5.97	1.7106017192		TGAxTTC	4246399	INTERGENIC					KEEP	OFF
chr20	26211052	T	G	488	14	2.79	484	22	4.35	1.55913978495		CATxACA	NA	INTERGENIC					KEEP	OFF
chr16	46392046	T	A	119	3	2.46	127	5	3.79	1.5406504065		TGAxTCC	4396558	INTERGENIC					KEEP	OFF
chr20	31389009	C	T	60	2	3.23	84	4	4.55	1.40866873065	DNMT3B	CTGxTGG	2065576	INTRON	CODING			694	KEEP	OFF
chr10	42599767	A	C	730	33	4.33	411	26	5.95	1.37413394919		TGAxTGC	139875229	INTERGENIC					KEEP	OFF
chr1	121485318	T	G	789	34	4.13	407	24	5.57	1.34866828087		TCTxTTC	1138166	INTERGENIC					KEEP	OFF
chr14	19488986	T	G	815	33	3.89	634	33	4.95	1.27249357326		CATxAAC	NA	INTERGENIC					KEEP	OFF
chr10	42599806	A	C	716	34	4.53	295	16	5.14	1.13465783664		CAAxTGG	NA	INTERGENIC					KEEP	OFF
chrUn_gl000212	295	T	C	183	8	4.19	225	11	4.66	1.11217183771		ATAxGTA	NA	INTERGENIC					KEEP	OFF
chr16	46395283	A	G	81	4	4.71	74	4	5.13	1.08917197452		TCCxTTT	4372848	INTERGENIC					KEEP	OFF
chr16	46391937	T	C	130	6	4.41	128	6	4.48	1.01587301587		CAAxTCC	4249381	INTERGENIC					KEEP	OFF
chr7	61969269	T	C	144	7	4.64	195	8	3.94	0.849137931034		CAGxTTA	4401718	INTERGENIC					KEEP	OFF
chr19	50474960	C	G	148	6	3.9	209	7	3.24	0.830769230769	VRK3	AAGxAAA	201054007	DOWNSTREAM	CODING	4764		424	KEEP	OFF

