chr	pos	ref	alt	normal_ref_count	normal_alt_count	pct_normal_alt	tumor_ref_count	tumor_alt_count	pct_tumor_alt	tn_pct_alt_ratio	gene	context	dbsnp_id	effect	coding	codon_change	amino_acid_change	amino_acid_length	mutect_call	on/off-target
chr12	25380276	T	A	743	0	0.0	537	244	31.24	100.0	KRAS	TCTxGAC	121913240	NON_SYNONYMOUS_CODING	CODING	cAa/cTa	Q61L	188	KEEP	ON
chr2	29498110	C	T	429	0	0.0	310	87	21.91	100.0	ALK	GACxCCA	NA	INTRON	CODING			1620	KEEP	ON
chr7	13978872	C	T	132	0	0.0	162	24	12.9	100.0	ETV1	CCAxTAG	NA	INTRON	CODING			374	KEEP	ON
chr12	109042846	G	A	121	0	0.0	148	10	6.33	100.0	CORO1C	GCTxACT	NA	INTRON	CODING			474	KEEP	ON
chr16	9848534	G	A	69	0	0.0	36	5	12.2	100.0	GRIN2A	ACTxTTC	NA	UTR_3_PRIME	CODING	8472		1464	KEEP	ON
chr20	62321585	G	A	103	0	0.0	135	5	3.57	100.0	RTEL1	AGGxGAT	NA	INTRON	CODING			1219	KEEP	ON
chrX	70470365	C	T	143	0	0.0	122	5	3.94	100.0	BCYRN1	AGGxAGC	NA	INTRON	NON_CODING				KEEP	ON
chr10	81070631	G	A	52	0	0.0	67	4	5.63	100.0	ZMIZ1	GCCxTGC	369884759	INTRON	CODING			1067	KEEP	ON
chr17	36868166	G	A	123	0	0.0	72	4	5.26	100.0	MLLT6	GGGxGAG	NA	NON_SYNONYMOUS_CODING	CODING	Gga/Aga	G207R	1093	KEEP	ON
chr17	74003531	C	T	54	0	0.0	52	4	7.14	100.0	CDK3	CCTxGCC	NA	DOWNSTREAM	CODING	1451		305	KEEP	ON
chr19	36223502	G	A	120	0	0.0	90	4	4.26	100.0	KMT2B	CACxGGG	NA	NON_SYNONYMOUS_CODING	CODING	Ggg/Agg	G2018R	2715	KEEP	ON
chr19	42778509	C	A	29	0	0.0	22	4	15.38	100.0		TGGxCTG	NA	INTERGENIC					KEEP	ON
chr19	45926479	G	A	84	0	0.0	88	4	4.35	100.0	ERCC1	TTCxTCC	NA	INTRON	CODING			273	KEEP	ON
chr1	228403498	G	A	37	0	0.0	45	3	6.25	100.0	OBSCN	ACGxCAT	NA	NON_SYNONYMOUS_CODING	CODING	gGc/gAc	G688D	6620	KEEP	ON
chr1	228505323	G	A	40	0	0.0	38	3	7.32	100.0	OBSCN	CACxAGC	NA	NON_SYNONYMOUS_CODING	CODING	Gag/Aag	E4574K	6620	KEEP	ON
chr2	242794416	C	T	46	0	0.0	29	3	9.38	100.0	PDCD1	GGCxGCC	NA	NON_SYNONYMOUS_CODING	CODING	Ggc/Agc	G176S	288	KEEP	ON
chr3	134514137	G	A	49	0	0.0	42	3	6.67	100.0	EPHB1	GCTxTAG	NA	UTR_5_PRIME	CODING	337		984	KEEP	ON
chr9	36835457	C	G	23	0	0.0	13	3	18.75	100.0	PAX5	ACAxGAG	NA	EXON	CODING				KEEP	ON
chr20	39316538	G	A	25	0	0.0	43	3	6.52	100.0	MAFB	GGAxAGG	NA	NON_SYNONYMOUS_CODING	CODING	tCt/tTt	S318F	323	KEEP	ON
chr19	2217839	C	A	13	0	0.0	8	2	20.0	100.0	DOT1L	GCTxAGC	NA	SYNONYMOUS_CODING	CODING	ctC/ctA	L871	1537	KEEP	ON
chr5	149783944	C	T	693	1	0.14	497	97	16.33	116.642857143	TCOF1	CCCxAGG	NA	DOWNSTREAM	CODING	4073		1411	KEEP	ON
chr8	103357758	A	T	723	2	0.28	565	185	24.67	88.1071428571	UBR5	AGGxGAG	NA	NON_SYNONYMOUS_CODING	CODING	cTc/cAc	L251H	2798	KEEP	ON
chr12	2760903	C	T	92	1	1.08	117	27	18.75	17.3611111111	CACNA1C	GGAxGCT	NA	NON_SYNONYMOUS_CODING	CODING	aCg/aTg	T1335M	2144	KEEP	ON
chr1	156918179	C	T	131	1	0.76	135	16	10.6	13.9473684211	ARHGEF11	ATCxATG	NA	NON_SYNONYMOUS_CODING	CODING	atG/atA	M639I	1522	KEEP	ON
chr17	38512315	T	G	118	1	0.84	104	11	9.57	11.3928571429	GJD3	CTCxCAT	NA	DOWNSTREAM	CODING	4590		294	KEEP	ON
chr19	15276713	C	T	81	1	1.22	69	5	6.76	5.54098360656	NOTCH3	GCAxGGG	NA	NON_SYNONYMOUS_CODING	CODING	cGt/cAt	R1851H	2321	KEEP	ON
chr15	67483500	C	T	293	2	0.68	283	11	3.74	5.5	SMAD3	GTGxGTG	NA	UTR_3_PRIME	CODING	626		230	KEEP	ON
chr20	39791300	G	A	74	1	1.33	39	3	7.14	5.36842105263	PLCG1	AGCxGGG	NA	NON_SYNONYMOUS_CODING	CODING	Ggg/Agg	G206R	1290	KEEP	ON
chr16	55853481	G	A	182	2	1.09	136	7	4.9	4.49541284404	CES1	TCCxTCT	202001817	NON_SYNONYMOUS_CODING	CODING	aCg/aTg	T290M	566	KEEP	ON
chr17	5072250	G	A	168	2	1.18	130	6	4.41	3.73728813559	USP6	AGAxGTG	NA	SYNONYMOUS_CODING	CODING	gaG/gaA	E1139	1406	KEEP	ON
chr7	151935831	G	A	479	23	4.58	383	25	6.13	1.3384279476	KMT2C	CCTxGGT	62478303	SYNONYMOUS_CODING	CODING	ccC/ccT	P871	4911	KEEP	ON
chr17	5037195	G	A	104	4	3.7	84	4	4.55	1.22972972973	USP6	AGAxGGG	74900103	NON_SYNONYMOUS_CODING	CODING	aGg/aAg	R133K	1406	KEEP	ON
chr7	151970982	T	C	746	39	4.97	590	31	4.99	1.00402414487	KMT2C	CTTxATA	NA	INTRON	CODING			4911	KEEP	ON
chr19	11135175	A	T	131	0	0.0	111	35	23.97	100.0	SMARCA4	GGCxGGC	NA	INTRON	CODING			1613	KEEP	OFF
chrM	6542	G	A	17	0	0.0	30	31	50.82	100.0		ACCxCAA	NA	INTERGENIC					KEEP	OFF
chrM	16392	G	A	22	0	0.0	77	8	9.41	100.0		AGGxGTC	NA	INTERGENIC					KEEP	OFF
chr5	140558873	G	A	36	0	0.0	38	7	15.56	100.0	PCDHB7	AACxTCA	NA	DOWNSTREAM	CODING	2916		793	KEEP	OFF
chr5	140803062	C	T	51	0	0.0	47	6	11.32	100.0	PCDHGB7	CCAxGAG	NA	DOWNSTREAM	CODING	3066		808	KEEP	OFF
chrM	12654	G	A	18	0	0.0	55	5	8.33	100.0		TGTxATA	NA	INTERGENIC					KEEP	OFF
chrUn_gl000220	132248	A	C	10	0	0.0	5	5	50.0	100.0		CCTxCCT	NA	INTERGENIC					KEEP	OFF
chrUn_gl000220	141518	T	C	10	0	0.0	4	5	55.56	100.0		TTGxGGC	NA	INTERGENIC					KEEP	OFF
chr1	38489162	G	A	97	0	0.0	71	4	5.33	100.0	UTP11L	TTCxATT	NA	INTRON	CODING			253	KEEP	OFF
chr3	37583848	G	A	93	0	0.0	70	4	5.41	100.0	ITGA9	CAAxGAA	NA	INTRON	CODING			1035	KEEP	OFF
chr19	41745417	G	T	76	0	0.0	88	4	4.35	100.0	AXL	CGTxCCA	NA	INTRON	CODING			626	KEEP	OFF
chrY	14093461	C	T	105	0	0.0	92	4	4.17	100.0		TATxACC	NA	INTERGENIC					KEEP	OFF
chr1	16456572	G	A	59	0	0.0	37	3	7.5	100.0	EPHA2	ATCxTGT	373971790	INTRON	CODING			976	KEEP	OFF
chr6	58776517	G	C	27	0	0.0	32	3	8.57	100.0		GTAxTAT	9500442	INTERGENIC					KEEP	OFF
chr9	130587358	C	T	21	0	0.0	29	3	9.38	100.0	ENG	CTCxTGC	NA	INTRON	CODING			476	KEEP	OFF
chr10	19229811	C	T	52	0	0.0	43	3	6.52	100.0		CAGxAGC	NA	INTERGENIC					KEEP	OFF
chr13	97537821	C	T	20	0	0.0	28	3	9.68	100.0		GTCxACC	NA	INTERGENIC					KEEP	OFF
chr16	46408469	G	A	43	0	0.0	24	3	11.11	100.0		GATxATT	8052482	INTERGENIC					KEEP	OFF
chr17	48267807	G	A	34	0	0.0	33	3	8.33	100.0	COL1A1	AGGxGAG	NA	INTRON	CODING			1464	KEEP	OFF
chrUn_gl000220	144861	C	G	22	0	0.0	13	3	18.75	100.0		ATAxGCC	NA	INTERGENIC					KEEP	OFF
chr1	110213835	T	A	18	0	0.0	9	2	18.18	100.0	GSTM2	CCAxGCA	NA	INTRON	CODING			191	KEEP	OFF
chr6	160575660	C	A	12	0	0.0	9	2	18.18	100.0	SLC22A1	GGGxTGG	NA	INTRON	CODING			506	KEEP	OFF
chr7	142460598	C	A	21	0	0.0	10	2	16.67	100.0	PRSS1	GGGxCAC	NA	INTRON	CODING			247	KEEP	OFF
chr16	46386254	C	T	15	0	0.0	3	2	40.0	100.0		TTCxGTT	8058359	INTERGENIC					KEEP	OFF
chr17	22261546	A	T	30	0	0.0	7	2	22.22	100.0		TGCxTTC	144151096	INTERGENIC					KEEP	OFF
chr22	23615705	G	A	12	0	0.0	7	2	22.22	100.0	BCR	GGTxACA	NA	INTRON	CODING			1227	KEEP	OFF
chrX	123191597	C	A	8	0	0.0	9	2	18.18	100.0	STAG2	CTAxCCA	NA	INTRON	CODING			1231	KEEP	OFF
chrUn_gl000212	163444	C	T	17	0	0.0	12	2	14.29	100.0		GGTxTCT	NA	INTERGENIC					KEEP	OFF
chrUn_gl000220	120929	C	T	20	0	0.0	10	2	16.67	100.0	RNA45S5	GCTxGTT	NA	DOWNSTREAM	NON_CODING	2149			KEEP	OFF
chrUn_gl000220	124171	C	T	12	0	0.0	7	2	22.22	100.0	LOC100507412	GAGxGAT	NA	INTRON	NON_CODING				KEEP	OFF
chrUn_gl000220	126180	C	T	9	0	0.0	10	2	16.67	100.0	LOC100507412	CCGxGCA	NA	EXON	NON_CODING				KEEP	OFF
chrUn_gl000220	138558	T	C	9	0	0.0	9	2	18.18	100.0		CTAxTTT	NA	INTERGENIC					KEEP	OFF
chr10	42392354	T	A	105	3	2.78	51	15	22.73	8.17625899281		AATxGAA	61848546	INTERGENIC					KEEP	OFF
chr10	42528017	A	G	181	8	4.23	12	6	33.33	7.87943262411		TCTxGCA	NA	INTERGENIC					KEEP	OFF
chr5	176396755	T	G	94	3	3.09	85	23	21.3	6.8932038835	UIMC1	AACxATA	NA	INTRON	CODING			719	KEEP	OFF
chr22	18846088	A	G	25	1	3.85	22	5	18.52	4.81038961039		TCCxTGC	9605845	INTERGENIC					KEEP	OFF
chr3	195706563	G	A	23	1	4.17	27	6	18.18	4.35971223022	SDHAP1	CACxCTT	4037311	INTRON	NON_CODING				KEEP	OFF
chr10	42393730	T	C	93	4	4.12	15	3	16.67	4.04611650485		TCAxCGA	NA	INTERGENIC					KEEP	OFF
chr6	58778308	T	A	27	1	3.57	25	4	13.79	3.86274509804		GAGxCTT	NA	INTERGENIC					KEEP	OFF
chr16	46395251	G	C	54	1	1.82	44	3	6.38	3.50549450549		TTAxATT	4292070	INTERGENIC					KEEP	OFF
chr3	197348431	A	G	52	2	3.7	46	6	11.54	3.11891891892	LOC220729	GTCxCTG	4857535	INTRON	NON_CODING				KEEP	OFF
chr10	42393844	A	C	204	9	4.23	75	11	12.79	3.02364066194		TCGxATG	74209135	INTERGENIC					KEEP	OFF
chr1	121485422	G	T	198	5	2.46	84	6	6.67	2.71138211382		CTAxACA	55849960	INTERGENIC					KEEP	OFF
chr16	46391690	A	T	50	2	3.85	37	4	9.76	2.53506493506		TCCxTTC	4347658	INTERGENIC					KEEP	OFF
chrY	58827271	A	G	39	2	4.88	22	3	12.0	2.45901639344		TCCxTTC	143218002	INTERGENIC					KEEP	OFF
chr12	12044405	T	A	45	1	2.17	78	4	4.88	2.24884792627	RNU6-19P	TATxTTT	79663578	INTRON	NON_CODING				KEEP	OFF
chr10	42388344	T	A	312	14	4.29	114	11	8.8	2.05128205128		AATxGAA	NA	INTERGENIC					KEEP	OFF
chr7	61970263	G	A	46	2	4.17	40	3	6.98	1.67386091127		ACAxAGT	4318940	INTERGENIC					KEEP	OFF
chr7	61968832	T	C	101	5	4.72	93	7	7.0	1.48305084746		AAAxATC	9719181	INTERGENIC					KEEP	OFF
chr14	81574838	C	T	174	7	3.87	181	10	5.24	1.35400516796	TSHR	TTTxTTT	12589552	INTRON	CODING			253	KEEP	OFF
chr7	61969151	T	C	162	7	4.14	118	6	4.84	1.1690821256		TGAxGCC	2123582	INTERGENIC					KEEP	OFF
chr21	11058353	T	C	875	44	4.79	744	43	5.46	1.13987473904	BAGE2	CTTxATA	79433933	INTRON	CODING			109	KEEP	OFF
chr1	148882062	C	A	164	6	3.53	141	5	3.42	0.968838526912	NBPF25P	TGAxAAT	NA	INTRON	NON_CODING				KEEP	OFF
chr21	11058330	G	A	878	44	4.77	792	20	2.46	0.51572327044	BAGE2	AAAxGGG	138162498	INTRON	CODING			109	KEEP	OFF

