chr	pos	ref	alt	normal_ref_count	normal_alt_count	pct_normal_alt	tumor_ref_count	tumor_alt_count	pct_tumor_alt	tn_pct_alt_ratio	gene	context	dbsnp_id	effect	coding	codon_change	amino_acid_change	amino_acid_length	mutect_call	on/off-target
chr2	141264429	G	A	640	0	0.0	607	127	17.3	100.0	LRP1B	CTTxGGA	NA	SYNONYMOUS_CODING	CODING	ccC/ccT	P2819	4599	KEEP	ON
chr1	10421751	T	G	188	0	0.0	184	52	22.03	100.0	KIF1B	AGCxGGA	NA	NON_SYNONYMOUS_CODING	CODING	cTg/cGg	L1345R	1770	KEEP	ON
chr19	5229346	G	A	94	0	0.0	55	20	26.67	100.0	PTPRS	TCCxTCT	NA	INTRON	CODING			1501	KEEP	ON
chr17	40354806	C	T	316	0	0.0	331	10	2.93	100.0	STAT5B	TCAxGTA	NA	NON_SYNONYMOUS_CODING	CODING	Gtg/Atg	V700M	787	KEEP	ON
chr17	70117906	A	T	37	0	0.0	19	8	29.63	100.0	SOX9	CGGxCCA	NA	NON_SYNONYMOUS_CODING	CODING	gAc/gTc	D125V	509	KEEP	ON
chr9	97862230	G	A	172	0	0.0	234	7	2.9	100.0	FANCC	AGGxTGG	NA	UTR_3_PRIME	CODING	1759		558	KEEP	ON
chr8	71126288	G	A	87	0	0.0	168	6	3.45	100.0	NCOA2	TACxTTT	NA	NON_SYNONYMOUS_CODING	CODING	Cgt/Tgt	R37C	1464	KEEP	ON
chr1	214792523	G	A	39	0	0.0	137	5	3.52	100.0	CENPF	AACxAAA	NA	NON_SYNONYMOUS_CODING	CODING	cGa/cAa	R178Q	3114	KEEP	ON
chr19	15272414	G	A	173	0	0.0	93	5	5.1	100.0	NOTCH3	CCCxCGG	151322770	NON_SYNONYMOUS_CODING	CODING	Cgg/Tgg	R2009W	2321	KEEP	ON
chr19	42777949	G	A	154	0	0.0	127	5	3.79	100.0		GGCxTGC	NA	INTERGENIC					KEEP	ON
chr1	109824459	C	T	66	0	0.0	62	4	6.06	100.0	PSRC1	CCTxGCC	144416204	NON_SYNONYMOUS_CODING	CODING	Gag/Aag	E101K	310	KEEP	ON
chr1	228506647	C	A	53	0	0.0	61	4	6.15	100.0	OBSCN	GCCxAGG	NA	NON_SYNONYMOUS_CODING	CODING	Cag/Aag	Q4732K	6620	KEEP	ON
chr6	34212740	C	T	67	0	0.0	84	4	4.55	100.0	C6orf1	GCCxCCA	NA	DOWNSTREAM	CODING	1417		139	KEEP	ON
chr7	50467780	G	A	69	0	0.0	74	4	5.13	100.0	IKZF1	TCCxAGG	NA	NON_SYNONYMOUS_CODING	CODING	Gag/Aag	E104K	284	KEEP	ON
chr9	8527314	G	A	39	0	0.0	59	4	6.35	100.0	PTPRD	GGGxTTG	NA	INTRON	CODING			1496	KEEP	ON
chr15	67486891	A	T	55	0	0.0	83	4	4.6	100.0	SMAD3	TTTxTGT	NA	UTR_3_PRIME	CODING	4017		230	KEEP	ON
chr16	3776632	C	A	47	0	0.0	77	4	4.94	100.0	CREBBP	GATxTTA	NA	UTR_3_PRIME	CODING	1087		2404	KEEP	ON
chr17	80043421	G	A	61	0	0.0	66	4	5.71	100.0	FASN	CCCxAGG	NA	SYNONYMOUS_CODING	CODING	ctC/ctT	L1353	2511	KEEP	ON
chr20	31368241	C	T	117	0	0.0	89	4	4.3	100.0	DNMT3B	ATCxTGG	NA	SYNONYMOUS_CODING	CODING	Ctg/Ttg	L38	694	KEEP	ON
chrX	153993140	G	A	77	0	0.0	76	4	5.0	100.0	DKC1	TGGxGAA	NA	INTRON	CODING			420	KEEP	ON
chr1	40366958	C	T	23	0	0.0	16	3	15.79	100.0	MYCL	GCGxCGG	NA	NON_SYNONYMOUS_CODING	CODING	gGc/gAc	G50D	364	KEEP	ON
chr3	129158685	G	A	50	0	0.0	43	3	6.52	100.0	IFT122	AGGxTCC	NA	UPSTREAM	CODING	194		1032	KEEP	ON
chr3	181430574	G	A	39	0	0.0	27	3	10.0	100.0	SOX2-OT	CGGxGTC	NA	INTRON	NON_CODING				KEEP	ON
chr5	176941794	G	A	37	0	0.0	33	3	8.33	100.0	FAM193B	GCGxCAG	NA	DOWNSTREAM	CODING	4996		822	KEEP	ON
chr7	43484441	G	A	40	0	0.0	36	3	7.69	100.0	HECW1	CGCxGAC	NA	NON_SYNONYMOUS_CODING	CODING	cGg/cAg	R557Q	1572	KEEP	ON
chr9	136559399	C	T	31	0	0.0	13	3	18.75	100.0	SARDH	CAGxGGG	377363025	SYNONYMOUS_CODING	CODING	ccG/ccA	P634	918	KEEP	ON
chr12	120652880	C	T	71	0	0.0	41	3	6.82	100.0	PXN-AS1	CCAxACC	NA	DOWNSTREAM	NON_CODING	2249			KEEP	ON
chr17	43226889	C	A	20	0	0.0	25	3	10.71	100.0	HEXIM1	AACxGAC	NA	NON_SYNONYMOUS_CODING	CODING	cCg/cAg	P111Q	359	KEEP	ON
chr17	78518870	G	A	54	0	0.0	45	3	6.25	100.0	RPTOR	CGAxCAC	NA	UTR_5_PRIME	CODING	560		1177	KEEP	ON
chr9	110251353	G	A	18	0	0.0	6	2	25.0	100.0	KLF4	GCGxAGA	NA	INTRON	CODING			479	KEEP	ON
chr17	5035461	C	A	9	0	0.0	13	2	13.33	100.0	USP6	GGGxCCC	NA	INTRON	CODING			1406	KEEP	ON
chr17	74011115	C	T	13	0	0.0	2	2	50.0	100.0	EVPL	ATGxGTG	NA	NON_SYNONYMOUS_CODING	CODING	Gca/Aca	A702T	2033	KEEP	ON
chr19	2217876	C	T	15	0	0.0	5	2	28.57	100.0	DOT1L	ATTxCCC	NA	NON_SYNONYMOUS_CODING	CODING	Ccc/Tcc	P884S	1537	KEEP	ON
chr19	2226568	C	T	21	0	0.0	9	2	18.18	100.0	DOT1L	TCCxCGC	NA	NON_SYNONYMOUS_CODING	CODING	Ccg/Tcg	P1350S	1537	KEEP	ON
chr19	55880161	G	A	12	0	0.0	4	2	33.33	100.0	IL11	CGTxTCC	NA	INTRON	CODING			120	KEEP	ON
chr12	25398284	C	A	656	1	0.15	518	195	27.35	182.333333333	KRAS	CCAxCAG	121913529	NON_SYNONYMOUS_CODING	CODING	gGt/gTt	G12V	188	KEEP	ON
chr4	153249384	C	A	660	2	0.3	603	198	24.72	82.4	FBXW7	CAAxGCA	NA	NON_SYNONYMOUS_CODING	CODING	cGt/cTt	R347L	589	KEEP	ON
chr5	150923495	A	G	334	1	0.3	369	97	20.82	69.4	FAT2	AGAxCCA	NA	NON_SYNONYMOUS_CODING	CODING	gTt/gCt	V2398A	4349	KEEP	ON
chr9	21970899	A	G	328	2	0.61	190	104	35.37	57.9836065574	C9orf53	CTCxCCT	NA	DOWNSTREAM	NON_CODING	3146			KEEP	ON
chr18	42531907	G	A	662	6	0.9	481	198	29.16	32.4	SETBP1	AGCxACA	267607042	NON_SYNONYMOUS_CODING	CODING	Gac/Aac	D868N	1596	KEEP	ON
chr1	51439777	C	T	684	1	0.15	720	19	2.57	17.1333333333	CDKN2C	AGGxCAC	1043141	SYNONYMOUS_CODING	CODING	ggC/ggT	G114	168	KEEP	ON
chr19	15300021	G	A	80	1	1.23	37	4	9.76	7.93495934959	NOTCH3	GCTxGCC	NA	INTRON	CODING			2321	KEEP	ON
chr22	21307058	C	T	564	2	0.35	462	13	2.74	7.82857142857	LOC101928891	TGAxTGG	2285547	UPSTREAM	NON_CODING	4322			KEEP	ON
chr11	65325106	G	A	59	1	1.67	36	5	12.2	7.30538922156	LTBP3	CGCxGAA	NA	NON_SYNONYMOUS_CODING	CODING	Cgc/Tgc	R109C	1256	KEEP	ON
chr12	122481900	G	A	198	1	0.5	139	5	3.47	6.94	BCL7A	ACGxCAC	NA	NON_SYNONYMOUS_CODING	CODING	gGc/gAc	G127D	210	KEEP	ON
chr5	180053090	G	A	231	9	3.75	140	48	25.53	6.808	FLT4	TGCxCTC	56401579	INTRON	CODING			1298	KEEP	ON
chr19	10602767	C	T	142	1	0.7	91	4	4.21	6.01428571429	KEAP1	GCAxGGC	NA	NON_SYNONYMOUS_CODING	CODING	Gtg/Atg	V271M	624	KEEP	ON
chr1	6190242	G	A	91	1	1.09	80	5	5.88	5.39449541284	CHD5	GGTxGTG	NA	INTRON	CODING			1954	KEEP	ON
chr17	78356926	C	T	187	1	0.53	237	7	2.87	5.41509433962	RNF213	TCCxGGC	NA	INTRON	CODING			5207	KEEP	ON
chr22	19230318	G	A	405	2	0.49	422	11	2.54	5.18367346939	CLTCL1	TACxTAC	376289636	NON_SYNONYMOUS_CODING	CODING	Cgt/Tgt	R221C	1583	KEEP	ON
chr2	1652965	G	A	109	1	0.91	122	6	4.69	5.15384615385	PXDN	GGGxGAT	NA	NON_SYNONYMOUS_CODING	CODING	Ccc/Tcc	P863S	1479	KEEP	ON
chr17	73838637	C	T	90	1	1.1	70	4	5.41	4.91818181818	WBP2	CTGxCCC	NA	DOWNSTREAM	CODING	3143		261	KEEP	ON
chr9	139405171	G	A	81	1	1.22	65	4	5.8	4.75409836066	NOTCH1	AGCxGTA	NA	NON_SYNONYMOUS_CODING	CODING	Cgc/Tgc	R892C	2555	KEEP	ON
chr12	133225985	G	A	85	1	1.16	69	4	5.48	4.72413793103	POLE	CCCxGGC	116482376	SYNONYMOUS_CODING	CODING	ccC/ccT	P1304	2286	KEEP	ON
chr12	57498995	C	T	252	2	0.79	200	7	3.38	4.27848101266	STAT6	TGTxGGC	NA	EXON	CODING				KEEP	ON
chr1	240371162	C	T	364	5	1.36	184	11	5.64	4.14705882353	FMN2	GAGxGGG	NA	NON_SYNONYMOUS_CODING	CODING	gCg/gTg	A1017V	1722	KEEP	ON
chr22	19709312	G	A	46	1	2.13	31	3	8.82	4.14084507042	SEPT5	GCCxGCG	NA	INTRON	CODING			346	KEEP	ON
chr7	114269814	G	A	61	1	1.61	92	6	6.12	3.80124223602	FOXP2	TACxTGA	NA	INTRON	CODING			432	KEEP	ON
chr1	228456427	G	A	58	1	1.69	44	3	6.38	3.77514792899	OBSCN	GCAxCAG	NA	SYNONYMOUS_CODING	CODING	caG/caA	Q1686	6620	KEEP	ON
chr11	32449559	G	A	82	1	1.2	86	4	4.44	3.7	WT1	GGGxTGT	138073760	NON_SYNONYMOUS_CODING	CODING	aCc/aTc	T272I	497	KEEP	ON
chr3	138663265	G	A	246	3	1.2	174	8	4.4	3.66666666667	C3orf72	CGGxTTT	NA	UPSTREAM	CODING	2811		175	KEEP	ON
chr19	45260510	G	A	45	1	2.17	36	3	7.69	3.54377880184	BCL3	GCTxTCC	NA	INTRON	CODING			454	KEEP	ON
chr1	43395326	G	A	142	2	1.39	163	8	4.68	3.36690647482	SLC2A1	GGCxGTA	200247956	NON_SYNONYMOUS_CODING	CODING	Cgc/Tgc	R269C	492	KEEP	ON
chr6	74072775	C	T	48	1	2.04	42	3	6.67	3.26960784314	KHDC3L	CCCxGGG	200684575	INTRON	CODING			217	KEEP	ON
chr20	9546765	G	A	163	2	1.21	137	5	3.52	2.90909090909	PAK7	GGAxGAG	150937522	SYNONYMOUS_CODING	CODING	tcC/tcT	S419	719	KEEP	ON
chr7	139715563	C	T	107	2	1.83	74	4	5.13	2.80327868852	TBXAS1	GGGxAGC	NA	EXON	CODING				KEEP	ON
chr12	124826538	G	A	179	3	1.65	87	4	4.4	2.66666666667	NCOR2	GGGxTAG	NA	SYNONYMOUS_CODING	CODING	taC/taT	Y1663	2458	KEEP	ON
chr10	81060724	C	T	37	1	2.63	40	3	6.98	2.65399239544	ZMIZ1	CAGxGTT	NA	INTRON	CODING			1067	KEEP	ON
chr1	51440093	C	T	138	2	1.43	282	11	3.75	2.62237762238	CDKN2C	AGGxTTA	12855	UTR_3_PRIME	CODING	151		168	KEEP	ON
chr9	139401459	C	T	116	2	1.69	86	4	4.44	2.62721893491	NOTCH1	GCCxGCC	NA	INTRON	CODING			2555	KEEP	ON
chr5	150900811	G	A	118	2	1.67	115	5	4.17	2.49700598802	MIR6499	CTCxTCC	74767229	DOWNSTREAM	NON_CODING	837			KEEP	ON
chr1	11217165	G	A	366	4	1.08	476	12	2.46	2.27777777778	MTOR	GACxAAG	NA	INTRON	CODING			2549	KEEP	ON
chr7	101892618	G	A	144	3	2.04	124	6	4.62	2.26470588235	CUX1	TGCxCAC	NA	INTRON	CODING			632	KEEP	ON
chr17	8110042	C	T	371	5	1.33	301	9	2.9	2.18045112782	AURKB	TGGxGCC	NA	INTRON	CODING			303	KEEP	ON
chr17	36876872	G	A	69	2	2.82	65	4	5.8	2.05673758865	MIR4726	TCCxGAC	NA	DOWNSTREAM	NON_CODING	871			KEEP	ON
chr9	139815441	G	A	241	4	1.63	234	8	3.31	2.03067484663	TRAF2	CTCxTGC	369326269	INTRON	CODING			501	KEEP	ON
chr16	67660382	G	A	169	4	2.31	133	6	4.32	1.87012987013	CTCF	ATCxAGA	NA	INTRON	CODING			399	KEEP	ON
chr17	43226681	G	A	139	3	2.11	149	6	3.87	1.83412322275	HEXIM1	CCCxAGG	NA	NON_SYNONYMOUS_CODING	CODING	Gag/Aag	E42K	359	KEEP	ON
chr22	36701983	G	A	107	3	2.73	77	4	4.94	1.80952380952	MYH9	GCCxAAA	NA	NON_SYNONYMOUS_CODING	CODING	Cgg/Tgg	R718W	1960	KEEP	ON
chr4	1804597	G	A	109	3	2.68	86	4	4.44	1.65671641791	FGFR3	GGGxCTG	NA	INTRON	CODING			694	KEEP	ON
chr11	76506983	G	A	199	4	1.97	178	6	3.26	1.65482233503	TSKU	TTCxCTA	NA	NON_SYNONYMOUS_CODING	CODING	cGc/cAc	R108H	353	KEEP	ON
chr17	37689948	G	A	153	3	1.92	258	8	3.01	1.56770833333	CDK12	AGTxTAT	NA	UTR_3_PRIME	CODING	2379		1481	KEEP	ON
chr5	428002	G	A	123	3	2.38	142	5	3.4	1.42857142857	AHRR	GCGxCTG	NA	SYNONYMOUS_CODING	CODING	cgG/cgA	R267	701	KEEP	ON
chr17	48152998	C	T	120	4	3.23	124	5	3.88	1.20123839009	ITGA3	CGCxGGC	370814972	NON_SYNONYMOUS_CODING	CODING	Cgg/Tgg	R525W	1051	KEEP	ON
chr12	69236887	A	T	107	3	2.73	184	6	3.16	1.15750915751	MDM2	TTTxAAG	NA	UTR_3_PRIME	CODING	3258		295	KEEP	ON
chr1	228473799	G	A	95	4	4.04	128	6	4.48	1.10891089109	OBSCN	ATCxAGG	NA	NON_SYNONYMOUS_CODING	CODING	Gag/Aag	E3009K	6620	KEEP	ON
chrX	15827397	T	C	615	22	3.45	668	19	2.77	0.802898550725	ZRSR2	TAAxTGT	NA	SYNONYMOUS_CODING	CODING	aaT/aaC	N171	482	KEEP	ON
chr22	29091841	G	A	456	23	4.8	507	17	3.24	0.675	CHEK2	CTTxGAG	146546850	SYNONYMOUS_CODING	CODING	tcC/tcT	S151	322	KEEP	ON
chr22	29091840	T	C	468	22	4.49	520	15	2.8	0.623608017817	CHEK2	TCTxGGA	142470496	NON_SYNONYMOUS_CODING	CODING	Aag/Gag	K152E	322	KEEP	ON
chrX	48649872	C	A	92	0	0.0	115	16	12.21	100.0	GATA1	GACxACT	191928344	INTRON	CODING			413	KEEP	OFF
chr10	54611395	A	G	9	0	0.0	11	9	45.0	100.0		GTCxCCC	1343056	INTERGENIC					KEEP	OFF
chr4	40045253	G	A	160	0	0.0	184	6	3.16	100.0	LOC344967	GCTxGAC	NA	EXON	NON_CODING				KEEP	OFF
chr9_gl000199_random	160733	C	G	38	0	0.0	26	5	16.13	100.0		TTTxTCA	NA	INTERGENIC					KEEP	OFF
chr19	36215036	G	A	71	0	0.0	120	5	4.0	100.0	KMT2B	GGAxGAG	NA	INTRON	CODING			2715	KEEP	OFF
chr6	117652349	G	A	59	0	0.0	94	4	4.08	100.0	ROS1	TTCxTGA	NA	INTRON	CODING			2347	KEEP	OFF
chr7	55805495	C	G	33	0	0.0	45	4	8.16	100.0		CAGxGGG	76380115	INTERGENIC					KEEP	OFF
chr7	87224989	G	A	64	0	0.0	71	4	5.33	100.0	ABCB1	TACxAAA	NA	INTRON	CODING			1280	KEEP	OFF
chr9	100616583	T	C	8	0	0.0	2	4	66.67	100.0	FOXE1	GCTxGAC	3021523	SYNONYMOUS_CODING	CODING	ctT/ctC	L129	373	KEEP	OFF
chr11	92625604	G	T	52	0	0.0	70	4	5.41	100.0	FAT3	AGAxTCT	NA	UTR_3_PRIME	CODING	1325		4557	KEEP	OFF
chr11	120347505	C	T	48	0	0.0	91	4	4.21	100.0	ARHGEF12	TATxCCA	NA	INTRON	CODING			1525	KEEP	OFF
chr16	46386165	G	A	8	0	0.0	11	4	26.67	100.0		AAGxTTC	11247481	INTERGENIC					KEEP	OFF
chr16	46392116	G	C	82	0	0.0	63	4	5.97	100.0		CTTxATG	4485399	INTERGENIC					KEEP	OFF
chr16	46396771	C	A	33	0	0.0	15	4	21.05	100.0		ATTxGAC	NA	INTERGENIC					KEEP	OFF
chr16	46417274	T	C	19	0	0.0	20	4	16.67	100.0		GACxTGA	NA	INTERGENIC					KEEP	OFF
chr17	48273149	C	T	41	0	0.0	61	4	6.15	100.0	COL1A1	AGAxGGA	NA	INTRON	CODING			1464	KEEP	OFF
chr19	42383515	G	A	35	0	0.0	46	4	8.0	100.0	CD79A	GGGxGGT	NA	INTRON	CODING			188	KEEP	OFF
chr2	237971475	C	T	38	0	0.0	39	3	7.14	100.0		GACxCCG	NA	INTERGENIC					KEEP	OFF
chr2	242662444	C	T	36	0	0.0	35	3	7.89	100.0	ING5	GTGxCAC	NA	SYNONYMOUS_CODING	CODING	tgC/tgT	C191	240	KEEP	OFF
chr4	54244212	G	A	22	0	0.0	24	3	11.11	100.0	FIP1L1	TCCxGCC	NA	INTRON	CODING			520	KEEP	OFF
chr4	55649724	C	T	9	0	0.0	7	3	30.0	100.0		TTGxGCC	77660346	INTERGENIC					KEEP	OFF
chr5	353794	C	T	38	0	0.0	29	3	9.38	100.0	AHRR	GGGxCTG	NA	INTRON	CODING			701	KEEP	OFF
chr5	156659490	G	A	32	0	0.0	43	3	6.52	100.0	ITK	CAGxCCA	NA	INTRON	CODING			620	KEEP	OFF
chr7	100421166	G	A	13	0	0.0	6	3	33.33	100.0	EPHB4	CGGxCCA	NA	INTRON	CODING			987	KEEP	OFF
chr17	7605938	G	A	40	0	0.0	41	3	6.82	100.0	WRAP53	GCAxTGT	NA	INTRON	CODING			548	KEEP	OFF
chr19_gl000208_random	88621	G	A	10	0	0.0	12	3	20.0	100.0		TGGxCAT	NA	INTERGENIC					KEEP	OFF
chrUn_gl000224	4545	G	T	10	0	0.0	8	3	27.27	100.0		ATAxGTA	NA	INTERGENIC					KEEP	OFF
chr1	43815283	C	T	19	0	0.0	10	2	16.67	100.0	MPL	CACxCTT	NA	INTRON	CODING			635	KEEP	OFF
chr4	49109687	A	T	31	0	0.0	1	2	66.67	100.0		TCCxTTC	NA	INTERGENIC					KEEP	OFF
chr4	190903756	C	T	16	0	0.0	9	2	18.18	100.0		GGCxTCA	NA	INTERGENIC					KEEP	OFF
chr4_gl000193_random	86452	C	T	8	0	0.0	3	2	40.0	100.0	MGC39584	CTGxCAA	NA	INTRON	NON_CODING				KEEP	OFF
chr5	89074246	C	T	10	0	0.0	9	2	18.18	100.0		ACTxAAC	NA	INTERGENIC					KEEP	OFF
chr7	61968659	G	T	14	0	0.0	4	2	33.33	100.0		ACGxGAT	12540776	INTERGENIC					KEEP	OFF
chr7	61968682	C	T	18	0	0.0	6	2	25.0	100.0		AGAxGGA	12375135	INTERGENIC					KEEP	OFF
chr8	11606603	G	A	29	0	0.0	13	2	13.33	100.0	GATA4	CACxTGC	NA	INTRON	CODING			442	KEEP	OFF
chr8	43831690	T	C	8	0	0.0	3	2	40.0	100.0		TACxCAA	368445422	INTERGENIC					KEEP	OFF
chr8	103936081	C	T	9	0	0.0	2	2	50.0	100.0		CATxAGT	NA	INTERGENIC					KEEP	OFF
chr10	13100154	C	T	11	0	0.0	8	2	20.0	100.0	CCDC3	TTGxGAG	NA	INTRON	CODING			145	KEEP	OFF
chr10	42362946	C	G	9	0	0.0	1	2	66.67	100.0		TTCxACT	NA	INTERGENIC					KEEP	OFF
chr10	42373452	A	G	20	0	0.0	0	2	100.0	100.0		TCCxTTC	NA	INTERGENIC					KEEP	OFF
chr10	100456198	C	T	11	0	0.0	7	2	22.22	100.0	HPSE2	CACxTGA	NA	INTRON	CODING			480	KEEP	OFF
chr11	114455175	C	T	8	0	0.0	10	2	16.67	100.0	NXPE4	AGAxCCT	NA	INTRON	CODING			260	KEEP	OFF
chr17	27436798	G	A	14	0	0.0	6	2	25.0	100.0	MYO18A	CGGxTCG	NA	INTRON	CODING			2039	KEEP	OFF
chr17	62022846	G	A	11	0	0.0	4	2	33.33	100.0	SCN4A	GTCxAAC	NA	SYNONYMOUS_CODING	CODING	ttC/ttT	F1198	1836	KEEP	OFF
chr18	110003	A	C	27	0	0.0	8	2	20.0	100.0	MIR8078	GTGxTGT	NA	DOWNSTREAM	NON_CODING	2253			KEEP	OFF
chrX	61729266	T	A	30	0	0.0	5	2	28.57	100.0		TTCxGAG	NA	INTERGENIC					KEEP	OFF
chrUn_gl000214	124492	G	T	9	0	0.0	5	2	28.57	100.0		TTGxAGA	NA	INTERGENIC					KEEP	OFF
chrUn_gl000214	125913	G	T	9	0	0.0	4	2	33.33	100.0		TCTxAGG	NA	INTERGENIC					KEEP	OFF
chrUn_gl000214	125914	A	T	9	0	0.0	4	2	33.33	100.0		CTGxGGA	NA	INTERGENIC					KEEP	OFF
chrUn_gl000220	118288	G	A	12	0	0.0	4	2	33.33	100.0	RNA45S5	ACCxCAC	NA	EXON	NON_CODING				KEEP	OFF
chrUn_gl000220	126180	C	T	18	0	0.0	6	2	25.0	100.0	LOC100507412	CCGxGCA	NA	EXON	NON_CODING				KEEP	OFF
chrUn_gl000225	88070	G	T	17	0	0.0	4	2	33.33	100.0		CAGxGGG	NA	INTERGENIC					KEEP	OFF
chrUn_gl000225	134983	T	C	15	0	0.0	3	2	40.0	100.0		ATCxCTG	NA	INTERGENIC					KEEP	OFF
chrM	7394	G	A	43	1	2.27	4	41	91.11	40.1365638767		ATGxATG	NA	INTERGENIC					KEEP	OFF
chr4	49100615	C	T	76	1	1.3	2	2	50.0	38.4615384615		TTCxGTT	NA	INTERGENIC					KEEP	OFF
chrX	72743510	C	T	208	2	0.95	178	58	24.58	25.8736842105	MAP2K4P1	CATxGGC	NA	DOWNSTREAM	NON_CODING	601			KEEP	OFF
chr1	9783873	G	A	83	1	1.19	118	39	24.84	20.8739495798	PIK3CD	AGCxTCT	77030165	INTRON	CODING			1044	KEEP	OFF
chr4	49104638	A	C	103	4	3.74	1	3	75.0	20.0534759358		TCCxTTC	199975517	INTERGENIC					KEEP	OFF
chrM	8091	G	A	62	2	3.12	65	63	49.22	15.7756410256		TTAxGCT	NA	INTERGENIC					KEEP	OFF
chr1	186148010	C	T	36	1	2.7	50	35	41.18	15.2518518519	HMCN1	GTTxGGA	184946154	INTRON	CODING			5635	KEEP	OFF
chr4	49156565	T	C	195	8	3.94	3	3	50.0	12.6903553299		CCAxTCC	NA	INTERGENIC					KEEP	OFF
chrUn_gl000226	129	T	C	153	1	0.65	48	4	7.69	11.8307692308		TTCxCAG	NA	INTERGENIC					KEEP	OFF
chrUn_gl000214	64889	G	A	24	1	4.0	3	2	40.0	10.0		TCTxACC	NA	INTERGENIC					KEEP	OFF
chr17	22258530	T	G	76	2	2.56	9	3	25.0	9.765625		TTTxGAA	NA	INTERGENIC					KEEP	OFF
chrY	13483307	A	G	25	1	3.85	4	2	33.33	8.65714285714		TAGxCAA	NA	INTERGENIC					KEEP	OFF
chr2	92307265	A	G	60	3	4.76	3	2	40.0	8.40336134454		ACTxCAG	4087687	INTERGENIC					KEEP	OFF
chr16	46391304	C	A	35	1	2.78	28	7	20.0	7.19424460432		CCCxTTA	4009111	INTERGENIC					KEEP	OFF
chrX	61712675	C	G	74	1	1.33	38	4	9.52	7.15789473684		TATxTAG	NA	INTERGENIC					KEEP	OFF
chr16	46408346	T	C	82	1	1.2	45	4	8.16	6.8		ACAxTGA	4966573	INTERGENIC					KEEP	OFF
chr16	46406622	A	G	41	2	4.65	11	5	31.25	6.72043010753		TTCxTTG	4967181	INTERGENIC					KEEP	OFF
chr5	1285306	C	T	31	1	3.12	9	2	18.18	5.82692307692	TERT	CACxCCT	NA	INTRON	CODING			1069	KEEP	OFF
chrUn_gl000220	124701	T	C	22	1	4.35	9	3	25.0	5.74712643678	LOC100507412	TCTxTCT	NA	INTRON	NON_CODING				KEEP	OFF
chr11	124748977	G	A	114	4	3.39	109	26	19.26	5.6814159292	ROBO3	CGGxTTG	NA	INTRON	CODING			1386	KEEP	OFF
chr4	49652586	A	C	97	4	3.96	11	3	21.43	5.41161616162		TCAxCAC	NA	INTERGENIC					KEEP	OFF
chr16	46387441	C	G	55	1	1.79	47	5	9.62	5.37430167598		ATTxCAT	28874137	INTERGENIC					KEEP	OFF
chrUn_gl000220	133766	G	A	33	1	2.94	16	3	15.79	5.37074829932		CCCxTGC	NA	INTERGENIC					KEEP	OFF
chr3	49936218	G	A	120	1	0.83	141	6	4.08	4.9156626506	MST1R	CCTxTAT	NA	INTRON	CODING			1351	KEEP	OFF
chr5	25909634	G	A	128	1	0.78	130	5	3.7	4.74358974359		TGCxTGT	NA	INTERGENIC					KEEP	OFF
chr1	121483309	C	G	64	2	3.03	24	4	14.29	4.71617161716		GTTxAGC	28857589	INTERGENIC					KEEP	OFF
chr1	110200322	G	A	126	1	0.79	133	5	3.62	4.58227848101	GSTM4	GGGxGGA	NA	INTRON	CODING			195	KEEP	OFF
chr6	58776902	A	T	90	1	1.1	80	4	4.76	4.32727272727		GAAxAGG	56323650	INTERGENIC					KEEP	OFF
chr2	92313018	A	G	192	4	2.04	43	4	8.51	4.17156862745		GATxTTT	NA	INTERGENIC					KEEP	OFF
chr4	113486265	G	A	90	1	1.1	85	4	4.49	4.08181818182	ZGRF1	ATCxTTA	NA	INTRON	CODING			2104	KEEP	OFF
chr4	119559280	C	T	25	1	3.85	27	5	15.62	4.05714285714	LOC729218	TGAxGGT	140898657	DOWNSTREAM	NON_CODING	3100			KEEP	OFF
chr7	27203163	G	A	92	1	1.08	136	6	4.23	3.91666666667	HOXA10-HOXA9	GACxGAC	NA	EXON	NON_CODING				KEEP	OFF
chr10	42391045	C	T	142	6	4.05	16	3	15.79	3.8987654321		AATxGAA	74193455	INTERGENIC					KEEP	OFF
chr16	46420883	T	G	22	1	4.35	20	4	16.67	3.83218390805		AATxGAA	28833780	INTERGENIC					KEEP	OFF
chr1	120114294	G	A	104	1	0.95	134	5	3.6	3.78947368421	HSD3BP4	GGAxCCC	2092930	EXON	NON_CODING				KEEP	OFF
chr21	43162213	C	T	74	1	1.33	77	4	4.94	3.71428571429	MIR6814	TGGxGTC	NA	DOWNSTREAM	NON_CODING	4719			KEEP	OFF
chr9	6668922	G	A	56	1	1.75	59	4	6.35	3.62857142857		ACCxCGC	NA	INTERGENIC					KEEP	OFF
chr16	10992653	G	A	94	1	1.05	128	5	3.76	3.58095238095	CIITA	GGGxGTG	NA	INTRON	CODING			1130	KEEP	OFF
chr5	158523273	G	A	33	1	2.94	36	4	10.0	3.40136054422	EBF1	TTCxTCC	NA	INTRON	CODING			560	KEEP	OFF
chr17	22253144	T	C	198	8	3.88	33	5	13.16	3.39175257732		CTCxCTG	4107688	INTERGENIC					KEEP	OFF
chr16	46407365	C	T	23	1	4.17	19	3	13.64	3.27098321343		TTCxATT	4638766	INTERGENIC					KEEP	OFF
chr17	58678325	C	T	57	1	1.72	68	4	5.56	3.23255813953	PPM1D	GGGxCCC	NA	INTRON	CODING			605	KEEP	OFF
chr1	120151707	C	T	58	1	1.69	71	4	5.33	3.15384615385		TGTxAAA	NA	INTERGENIC					KEEP	OFF
chr7	61969611	T	C	159	3	1.85	119	7	5.56	3.00540540541		GAGxTTG	4409294	INTERGENIC					KEEP	OFF
chr7	61970454	G	C	195	5	2.5	124	10	7.46	2.984		ACAxAGC	4316045	INTERGENIC					KEEP	OFF
chr15	39881002	G	A	89	1	1.11	180	6	3.23	2.90990990991	THBS1	AGCxATT	NA	INTRON	CODING			1170	KEEP	OFF
chr8	27287805	C	T	65	1	1.52	93	4	4.12	2.71052631579	PTK2B	CACxTCT	NA	INTRON	CODING			1009	KEEP	OFF
chr22	41543755	G	A	99	2	1.98	89	5	5.32	2.68686868687	EP300	AAAxATA	NA	INTRON	CODING			2414	KEEP	OFF
chr16	46405138	A	T	66	2	2.94	60	5	7.69	2.6156462585		CCGxGTC	4291926	INTERGENIC					KEEP	OFF
chr16	46408431	A	G	82	2	2.38	60	4	6.25	2.62605042017		TCTxTTC	4341903	INTERGENIC					KEEP	OFF
chr2	131949424	G	T	83	2	2.35	158	10	5.95	2.53191489362		CTCxTTA	368209977	INTERGENIC					KEEP	OFF
chr16	46395236	T	A	83	2	2.35	66	4	5.71	2.42978723404		CATxCTA	4355081	INTERGENIC					KEEP	OFF
chr16	46391529	C	T	75	2	2.6	61	4	6.15	2.36538461538		GTAxATT	4249645	INTERGENIC					KEEP	OFF
chr17	33443810	G	A	173	3	1.7	179	7	3.76	2.21176470588	RAD51D	CCGxCCT	NA	INTRON	CODING			216	KEEP	OFF
chr4	49151196	C	A	539	24	4.26	58	6	9.38	2.20187793427		ATTxCAT	NA	INTERGENIC					KEEP	OFF
chr11	34764800	C	T	26	1	3.7	36	3	7.69	2.07837837838		ACAxGAA	NA	INTERGENIC					KEEP	OFF
chr1	77165927	G	A	170	3	1.73	178	6	3.26	1.88439306358		ATCxCAG	NA	INTERGENIC					KEEP	OFF
chr8	128428309	G	A	61	2	3.17	65	4	5.8	1.82965299685	POU5F1B	GCCxTAT	NA	SYNONYMOUS_CODING	CODING	ccG/ccA	P66	359	KEEP	OFF
chr11	10327744	G	A	28	1	3.45	45	3	6.25	1.8115942029	ADM	GCTxGAC	NA	INTRON	CODING			185	KEEP	OFF
chr9	93627102	C	T	37	1	2.63	81	4	4.71	1.79087452471	SYK	TATxGTG	137917566	INTRON	CODING			612	KEEP	OFF
chr21	11058386	G	A	704	15	2.09	738	27	3.53	1.68899521531	BAGE2	TAAxCTG	76314403	INTRON	CODING			109	KEEP	OFF
chr16	46391487	C	T	106	5	4.5	85	7	7.61	1.69111111111		CAAxGAT	4249532	INTERGENIC					KEEP	OFF
chrUn_gl000212	160866	G	A	76	2	2.56	112	5	4.27	1.66796875		TGGxTGT	NA	INTERGENIC					KEEP	OFF
chr19	41515350	G	A	85	3	3.41	103	6	5.5	1.61290322581	CYP2B6	GATxGAG	NA	INTRON	CODING			491	KEEP	OFF
chr1	6530496	C	T	68	2	2.86	83	4	4.6	1.60839160839	PLEKHG5	CAGxACA	NA	INTRON	CODING			1006	KEEP	OFF
chr10	89117945	C	T	655	12	1.8	529	15	2.76	1.53333333333	NUTM2D	GGCxGAA	NA	EXON	NON_CODING				KEEP	OFF
chr6	58778747	T	C	83	3	3.49	89	5	5.32	1.52435530086		ATTxGGA	12214947	INTERGENIC					KEEP	OFF
chr16	46406551	T	G	61	3	4.69	39	3	7.14	1.5223880597		CCAxTTG	7200104	INTERGENIC					KEEP	OFF
chr6	160469681	C	T	62	2	3.12	86	4	4.44	1.42307692308	IGF2R	GCTxGAG	NA	INTRON	CODING			2491	KEEP	OFF
chr8	134271540	C	T	123	4	3.15	132	6	4.35	1.38095238095	NDRG1	ACAxGCT	2233325	INTRON	CODING			313	KEEP	OFF
chr6	58776572	T	G	91	4	4.21	109	6	5.22	1.23990498812		ATAxCTC	4569993	INTERGENIC					KEEP	OFF
chr7	61968843	A	G	202	7	3.35	158	6	3.66	1.09253731343		AATxAAA	10156099	INTERGENIC					KEEP	OFF
chr7	61968844	A	C	208	7	3.26	163	6	3.55	1.08895705521		ATAxAAA	2219049	INTERGENIC					KEEP	OFF
chr10	42392754	A	C	521	26	4.75	269	14	4.95	1.04210526316		TCGxATG	142326516	INTERGENIC					KEEP	OFF
chr7	61969572	T	C	224	10	4.27	220	9	3.93	0.92037470726		GCGxTCA	4295544	INTERGENIC					KEEP	OFF
chr7	61969243	G	C	271	12	4.24	254	8	3.05	0.719339622642		AGAxTTT	2219043	INTERGENIC					KEEP	OFF
chr1	152285414	G	C	631	32	4.83	692	21	2.95	0.610766045549	FLG	CCTxAGC	NA	NON_SYNONYMOUS_CODING	CODING	Cag/Gag	Q650E	4061	KEEP	OFF
chr1	152285413	T	C	639	32	4.77	700	18	2.51	0.526205450734	FLG	TCCxGAG	111791016	NON_SYNONYMOUS_CODING	CODING	cAg/cGg	Q650R	4061	KEEP	OFF

