chr	pos	ref	alt	normal_ref_count	normal_alt_count	pct_normal_alt	tumor_ref_count	tumor_alt_count	pct_tumor_alt	tn_pct_alt_ratio	gene	context	dbsnp_id	effect	coding	codon_change	amino_acid_change	amino_acid_length	mutect_call	on/off-target
chr18	48575200	C	G	695	0	0.0	398	169	29.81	100.0	SMAD4	TATxACT	NA	NON_SYNONYMOUS_CODING	CODING	Cac/Gac	H132D	552	KEEP	ON
chr12	25398284	C	A	714	0	0.0	487	163	25.08	100.0	KRAS	CCAxCAG	121913529	NON_SYNONYMOUS_CODING	CODING	gGt/gTt	G12V	188	KEEP	ON
chr4	20552539	G	A	429	0	0.0	258	71	21.58	100.0	SLIT2	TATxAAT	NA	INTRON	CODING			1521	KEEP	ON
chr17	7590857	C	G	135	0	0.0	52	30	36.59	100.0	WRAP53	AACxCCA	NA	INTRON	CODING			548	KEEP	ON
chr6	69685116	T	C	184	0	0.0	147	29	16.48	100.0	BAI3	TTGxGAC	NA	INTRON	CODING			1522	KEEP	ON
chr17	30323856	G	C	48	0	0.0	35	5	12.5	100.0	SUZ12	AAAxAAG	NA	NON_SYNONYMOUS_CODING	CODING	Gaa/Caa	E612Q	739	KEEP	ON
chr3	122630415	G	A	14	0	0.0	11	4	26.67	100.0	SEMA5B	GGGxCGG	200320022	INTRON	CODING			1057	KEEP	ON
chr6	52870146	G	A	90	0	0.0	96	4	4.0	100.0	ICK	AATxTAA	NA	INTRON	CODING			632	KEEP	ON
chr11	118514570	G	A	27	0	0.0	34	3	8.11	100.0	PHLDB1	CCCxCAG	NA	NON_SYNONYMOUS_CODING	CODING	cGc/cAc	R930H	1319	KEEP	ON
chrX	66766265	C	T	8	0	0.0	18	3	14.29	100.0	AR	GGTxACC	NA	NON_SYNONYMOUS_CODING	CODING	tCa/tTa	S426L	920	KEEP	ON
chr20	57429484	G	A	18	0	0.0	42	3	6.67	100.0	GNAS	AGCxGAT	NA	INTRON	CODING			245	KEEP	ON
chr19	16186983	G	A	44	0	0.0	44	3	6.38	100.0	TPM4	GACxTAC	NA	INTRON	CODING			284	KEEP	ON
chr1	228464316	C	T	10	0	0.0	4	2	33.33	100.0	OBSCN	GCCxCAT	NA	NON_SYNONYMOUS_CODING	CODING	cCc/cTc	P2129L	6620	KEEP	ON
chr13	32910632	G	T	389	1	0.26	226	80	26.14	100.538461538	BRCA2	CAGxAAG	NA	STOP_GAINED	CODING	Gaa/Taa	E714*	3418	KEEP	ON
chr5	149439306	C	T	192	1	0.52	292	66	18.44	35.4615384615	CSF1R	CGAxGCC	NA	INTRON	CODING				KEEP	ON
chr8	38281932	C	T	336	3	0.88	491	126	20.42	23.2045454545	FGFR1	ATTxGGG	NA	INTRON	CODING			731	KEEP	ON
chr6	152711420	A	T	272	1	0.37	301	18	5.64	15.2432432432	SYNE1	TTGxGCG	NA	SYNONYMOUS_CODING	CODING	gcT/gcA	A2724	8797	KEEP	ON
chr6	52884204	G	A	130	2	1.52	156	6	3.7	2.43421052632	ICK	TTCxTAT	NA	INTRON	CODING			632	KEEP	ON
chr9	80537112	T	A	567	25	4.22	654	50	7.1	1.68246445498	GNAQ	GTGxGTC	NA	NON_SYNONYMOUS_CODING	CODING	Aca/Tca	T96S	359	KEEP	ON
chr9	80537095	G	T	527	18	3.3	604	31	4.88	1.47878787879	GNAQ	CTTxTAT	200106152	STOP_GAINED	CODING	taC/taA	Y101*	359	KEEP	ON
chr1	144856817	T	C	177	7	3.8	271	16	5.57	1.46578947368	NBPF20	ACCxCTG	3844239	INTRON	CODING			4963	KEEP	ON
chr22	29091841	G	A	355	10	2.74	389	16	3.95	1.44160583942	CHEK2	CTTxGAG	146546850	SYNONYMOUS_CODING	CODING	tcC/tcT	S151	322	KEEP	ON
chr22	29091840	T	C	354	10	2.75	391	16	3.93	1.42909090909	CHEK2	TCTxGGA	142470496	NON_SYNONYMOUS_CODING	CODING	Aag/Gag	K152E	322	KEEP	ON
chr7	151971006	C	T	685	18	2.56	539	14	2.53	0.98828125	KMT2C	ATTxAAA	NA	INTRON	CODING			4911	KEEP	ON
chr7	151970982	T	C	716	37	4.91	594	19	3.1	0.631364562118	KMT2C	CTTxATA	NA	INTRON	CODING			4911	KEEP	ON
chr3	10106408	C	T	421	19	4.32	527	14	2.59	0.599537037037	FANCD2	CTCxGCA	NA	INTRON	CODING			1451	KEEP	ON
chr5	13823565	C	A	120	0	0.0	63	29	31.52	100.0	DNAH5	AGTxCGG	NA	INTRON	CODING			4624	KEEP	OFF
chr5	140564440	C	T	107	0	0.0	137	25	15.43	100.0	PCDHB8	AGCxGAT	NA	DOWNSTREAM	CODING	4359		801	KEEP	OFF
chr5	180049621	C	G	63	0	0.0	78	11	12.36	100.0	FLT4	AGGxCTT	NA	INTRON	CODING			1298	KEEP	OFF
chr6	168325594	G	A	42	0	0.0	28	11	28.21	100.0	MLLT4	CCAxTGA	NA	INTRON	CODING			1651	KEEP	OFF
chr2	154278158	G	A	54	0	0.0	52	10	16.13	100.0		GTCxTGA	NA	INTERGENIC					KEEP	OFF
chr10	57427515	C	T	8	0	0.0	4	7	63.64	100.0		CCAxGGC	10763222	INTERGENIC					KEEP	OFF
chr7	39837274	C	T	40	0	0.0	81	6	6.9	100.0	LINC00265	CTGxGTC	NA	DOWNSTREAM	NON_CODING	3052			KEEP	OFF
chr15	20530540	G	T	8	0	0.0	5	6	54.55	100.0		TAGxTCT	200724664	INTERGENIC					KEEP	OFF
chr11	118364052	T	C	75	0	0.0	56	5	8.2	100.0	KMT2A	TTAxATT	NA	INTRON	CODING			3969	KEEP	OFF
chr6	58777555	T	G	47	0	0.0	50	5	9.09	100.0		TATxTGG	4321850	INTERGENIC					KEEP	OFF
chr16	46407723	C	T	38	0	0.0	53	5	8.62	100.0		TTCxATT	4459567	INTERGENIC					KEEP	OFF
chr1	145039395	C	G	9	0	0.0	11	4	26.67	100.0	PDE4DIP	AACxCCG	6699476	INTRON	CODING			2240	KEEP	OFF
chr1	121483820	T	G	14	0	0.0	16	4	20.0	100.0		ATCxTCA	150405240	INTERGENIC					KEEP	OFF
chr10	42392354	T	A	73	0	0.0	34	4	10.53	100.0		AATxGAA	61848546	INTERGENIC					KEEP	OFF
chr19	7163283	G	A	60	0	0.0	80	4	4.76	100.0	INSR	GGGxGAC	NA	INTRON	CODING			1370	KEEP	OFF
chr20	62325645	C	T	36	0	0.0	45	3	6.25	100.0	ARFRP1	TCCxTAG	NA	DOWNSTREAM	CODING	4350		121	KEEP	OFF
chr16	46395336	G	A	35	0	0.0	30	3	9.09	100.0		CTCxATG	4340483	INTERGENIC					KEEP	OFF
chr16	46391456	G	A	63	0	0.0	38	3	7.32	100.0		ATTxCAT	4502238	INTERGENIC					KEEP	OFF
chr16	46387444	T	G	20	0	0.0	22	3	12.0	100.0		CCAxTCA	4967057	INTERGENIC					KEEP	OFF
chr13	28919437	C	T	36	0	0.0	42	3	6.67	100.0	FLT1	TTTxTTT	NA	INTRON	CODING			1338	KEEP	OFF
chr4	1962631	C	T	30	0	0.0	39	3	7.14	100.0	WHSC1	GTAxACG	NA	INTRON	CODING			1365	KEEP	OFF
chr1	222642171	G	A	9	0	0.0	9	2	18.18	100.0		CACxACC	35107308	INTERGENIC					KEEP	OFF
chr3	66024164	C	A	9	0	0.0	10	2	16.67	100.0	MAGI1	AAAxAAA	NA	UTR_5_PRIME	CODING	181		1256	KEEP	OFF
chr11	51590607	C	T	34	0	0.0	1	2	66.67	100.0		AGGxCTC	9971470	INTERGENIC					KEEP	OFF
chr4	49108518	T	C	12	0	0.0	1	2	66.67	100.0		CCAxTCG	NA	INTERGENIC					KEEP	OFF
chr16	48634144	C	T	12	0	0.0	14	2	12.5	100.0	N4BP1	CAAxGAC	NA	INTRON	CODING			896	KEEP	OFF
chr8	46846895	A	G	9	0	0.0	5	2	28.57	100.0		GAAxAAG	75728937	INTERGENIC					KEEP	OFF
chr16	46390940	A	G	16	0	0.0	6	2	25.0	100.0		ATGxTTC	4366726	INTERGENIC					KEEP	OFF
chr16	46386082	A	G	8	0	0.0	10	2	16.67	100.0		TTCxTTT	28844341	INTERGENIC					KEEP	OFF
chr17	22258623	A	G	27	0	0.0	1	2	66.67	100.0		CACxGAA	4303572	INTERGENIC					KEEP	OFF
chr18	18512329	G	A	12	0	0.0	1	2	66.67	100.0		TTCxTGA	4495897	INTERGENIC					KEEP	OFF
chr18	12095327	T	A	13	0	0.0	10	2	16.67	100.0	ANKRD62	ATTxAAA	NA	INTRON	CODING			917	KEEP	OFF
chrUn_gl000225	85679	C	T	22	0	0.0	9	2	18.18	100.0		TGCxTAC	NA	INTERGENIC					KEEP	OFF
chr11	27911547	C	T	126	1	0.79	89	24	21.24	26.8860759494		GCAxGTC	NA	INTERGENIC					KEEP	OFF
chr10	42392245	C	T	55	2	3.51	7	12	63.16	17.9943019943		CATxGAA	28788857	INTERGENIC					KEEP	OFF
chr10	42385139	A	T	176	7	3.83	4	5	55.56	14.5065274151		ATCxGAT	NA	INTERGENIC					KEEP	OFF
chr10	42391505	A	C	75	3	3.85	6	5	45.45	11.8051948052		ATCxTCG	4108955	INTERGENIC					KEEP	OFF
chr7	61967537	C	G	25	1	3.85	25	8	24.24	6.2961038961		ACTxACA	NA	INTERGENIC					KEEP	OFF
chr6	58778718	T	C	36	1	2.7	46	9	16.36	6.05925925926		CACxGTT	9638017	INTERGENIC					KEEP	OFF
chr6	58777275	A	G	48	1	2.04	24	3	11.11	5.44607843137		AATxATT	9500511	INTERGENIC					KEEP	OFF
chr21	11026547	G	A	28	1	3.45	23	4	14.81	4.29275362319	BAGE2	AAAxAGA	60839747	INTRON	CODING			109	KEEP	OFF
chr10	42408311	G	C	25	1	3.85	16	3	15.79	4.1012987013		TTTxCAG	NA	INTERGENIC					KEEP	OFF
chrUn_gl000226	7006	G	A	49	1	2.0	45	4	8.16	4.08		TCAxAGA	NA	INTERGENIC					KEEP	OFF
chr16	46389624	A	C	27	1	3.57	25	4	13.79	3.86274509804		TTCxATT	4246367	INTERGENIC					KEEP	OFF
chr16	46391901	T	C	44	1	2.22	44	4	8.33	3.75225225225		TGAxGAT	4250437	INTERGENIC					KEEP	OFF
chr22	18844790	C	T	22	1	4.35	21	4	16.0	3.67816091954		AGAxGTC	201032018	INTERGENIC					KEEP	OFF
chr16	46388362	A	C	28	1	3.45	28	4	12.5	3.6231884058		TCAxGTC	NA	INTERGENIC					KEEP	OFF
chr12	393307	A	T	121	2	1.63	112	7	5.88	3.60736196319	KDM5A	TTTxAAG	NA	UTR_3_PRIME	CODING	1315		1690	KEEP	OFF
chr16	46408431	A	G	38	1	2.56	43	4	8.51	3.32421875		TCTxTTC	4341903	INTERGENIC					KEEP	OFF
chr16	46391320	C	T	32	1	3.03	30	3	9.09	3.0		CAAxGAT	56202000	INTERGENIC					KEEP	OFF
chr21	11038551	G	A	165	5	2.94	65	6	8.45	2.87414965986	BAGE2	ATGxCAT	67958584	INTRON	CODING			109	KEEP	OFF
chr6	166883478	G	A	59	1	1.67	87	4	4.4	2.63473053892	RPS6KA2	TGGxGAT	NA	INTRON	CODING			733	KEEP	OFF
chr5	233839	C	A	109	2	1.8	164	8	4.65	2.58333333333	SDHA	TCGxCCT	NA	INTRON	CODING			664	KEEP	OFF
chr16	52689891	T	C	32	1	3.03	48	4	7.69	2.53795379538		AAAxGCA	NA	INTERGENIC					KEEP	OFF
chr7	61969509	G	A	155	2	1.27	213	7	3.18	2.50393700787		AAAxGAA	2167842	INTERGENIC					KEEP	OFF
chr7	39837324	C	T	24	1	4.0	48	5	9.43	2.3575	LINC00265	TGAxGGT	NA	DOWNSTREAM	NON_CODING	3102			KEEP	OFF
chr10	42388344	T	A	171	7	3.93	59	6	9.23	2.34860050891		AATxGAA	NA	INTERGENIC					KEEP	OFF
chr1	121484512	G	T	149	5	3.25	79	6	7.06	2.17230769231		CAAxTGG	4092809	INTERGENIC					KEEP	OFF
chr16	46403717	A	T	60	2	3.23	69	5	6.76	2.09287925697		TCCxTTC	6422043	INTERGENIC					KEEP	OFF
chr1	121485303	G	C	732	17	2.27	458	22	4.58	2.01762114537		ACAxAGT	61024044	INTERGENIC					KEEP	OFF
chr7	61970314	G	C	102	5	4.67	141	14	9.03	1.93361884368		AAAxTCT	4318945	INTERGENIC					KEEP	OFF
chr10	42385627	C	T	245	10	3.92	160	13	7.51	1.91581632653		AACxGAA	9703387	INTERGENIC					KEEP	OFF
chr1	121484139	A	G	134	5	3.6	110	8	6.78	1.88333333333		AGCxGAC	9988651	INTERGENIC					KEEP	OFF
chrUn_gl000241	10762	C	T	108	3	2.7	78	4	4.88	1.80740740741		CAAxAGC	NA	INTERGENIC					KEEP	OFF
chr6	58778530	T	C	47	2	4.08	64	5	7.25	1.77696078431		TGAxAGA	9647643	INTERGENIC					KEEP	OFF
chr6	58778828	T	A	42	2	4.55	63	5	7.35	1.61538461538		TTGxGAT	28885508	INTERGENIC					KEEP	OFF
chr21	11058353	T	C	847	38	4.29	701	50	6.66	1.55244755245	BAGE2	CTTxATA	79433933	INTRON	CODING			109	KEEP	OFF
chr7	61968907	A	T	159	4	2.45	185	7	3.65	1.48979591837		TTTxACC	4574712	INTERGENIC					KEEP	OFF
chr16	46392046	T	A	56	2	3.45	76	4	5.0	1.44927536232		TGAxTCC	4396558	INTERGENIC					KEEP	OFF
chr6	58778531	A	C	47	2	4.08	64	4	5.88	1.44117647059		GATxGAG	9647644	INTERGENIC					KEEP	OFF
chr7	61969415	T	C	130	6	4.41	227	14	5.81	1.31746031746		GAGxTGA	2100384	INTERGENIC					KEEP	OFF
chr10	42599767	A	C	349	14	3.86	243	13	5.08	1.31606217617		TGAxTGC	139875229	INTERGENIC					KEEP	OFF
chr1	152285414	G	C	303	10	3.19	660	26	3.79	1.18808777429	FLG	CCTxAGC	NA	NON_SYNONYMOUS_CODING	CODING	Cag/Gag	Q650E	4061	KEEP	OFF
chr15	21137041	T	C	154	7	4.35	112	6	5.08	1.16781609195		CTCxATT	200035736	INTERGENIC					KEEP	OFF
chr1	152285413	T	C	300	10	3.23	660	25	3.65	1.13003095975	FLG	TCCxGAG	111791016	NON_SYNONYMOUS_CODING	CODING	cAg/cGg	Q650R	4061	KEEP	OFF
chr1	121484085	T	G	136	6	4.23	122	6	4.69	1.10874704492		ACTxCCT	9699461	INTERGENIC					KEEP	OFF
chr5	224656	C	T	100	5	4.76	115	6	4.96	1.04201680672	SDHA	CCAxTGT	111533078	INTRON	CODING			664	KEEP	OFF
chr10	42599806	A	C	308	15	4.64	239	11	4.4	0.948275862069		CAAxTGG	NA	INTERGENIC					KEEP	OFF
chr7	61970376	A	C	155	7	4.32	240	10	4.0	0.925925925926		TGAxTGC	4294067	INTERGENIC					KEEP	OFF
chr16	32368327	C	T	128	6	4.48	142	5	3.4	0.758928571429		AGGxGCT	369917469	INTERGENIC					KEEP	OFF
chr21	11058322	C	T	870	37	4.08	767	22	2.79	0.683823529412	BAGE2	CATxGCT	NA	NON_SYNONYMOUS_CODING	CODING	Gat/Aat	D40N	109	KEEP	OFF
chr21	11021106	A	G	647	28	4.15	522	13	2.43	0.585542168675	BAGE2	TTCxAAC	NA	INTRON	CODING			109	KEEP	OFF

