chr	pos	ref	alt	normal_ref_count	normal_alt_count	pct_normal_alt	tumor_ref_count	tumor_alt_count	pct_tumor_alt	tn_pct_alt_ratio	gene	context	dbsnp_id	effect	coding	codon_change	amino_acid_change	amino_acid_length	mutect_call	on/off-target
chr11	85692968	G	A	345	0	0.0	261	86	24.78	100.0	PICALM	CTAxGTG	NA	NON_SYNONYMOUS_CODING	CODING	cCt/cTt	P431L	551	KEEP	ON
chr7	151946924	A	G	186	0	0.0	308	83	21.23	100.0	KMT2C	GTAxCTC	NA	INTRON	CODING			4911	KEEP	ON
chr6	152826487	G	A	257	0	0.0	213	68	24.2	100.0	SYNE1	CCCxCTT	NA	SYNONYMOUS_CODING	CODING	agC/agT	S209	8797	KEEP	ON
chrX	32407832	T	C	90	0	0.0	51	49	49.0	100.0	DMD	GCCxTTC	NA	INTRON	CODING			2341	KEEP	ON
chr4	187629337	G	A	282	0	0.0	294	46	13.53	100.0	FAT1	CCCxGCG	376582889	NON_SYNONYMOUS_CODING	CODING	Cgg/Tgg	R549W	4588	KEEP	ON
chr11	108047814	C	T	86	0	0.0	82	26	24.07	100.0	NPAT	TTTxACT	NA	NON_SYNONYMOUS_CODING	CODING	Gaa/Aaa	E304K	1427	KEEP	ON
chr12	93963739	T	C	127	0	0.0	98	24	19.67	100.0	SOCS2-AS1	AAGxAGG	NA	INTRON	NON_CODING				KEEP	ON
chr8	105025731	C	T	323	0	0.0	284	20	6.58	100.0	RIMS2	CCTxTCC	NA	NON_SYNONYMOUS_CODING	CODING	Ctc/Ttc	L1036F	1349	KEEP	ON
chr3	178936091	G	A	277	0	0.0	305	12	3.79	100.0	PIK3CA	ACTxAGC	104886003	NON_SYNONYMOUS_CODING	CODING	Gag/Aag	E545K	1068	KEEP	ON
chr16	16276282	G	C	196	0	0.0	200	11	5.21	100.0	ABCC6	ATTxAAG	NA	STOP_GAINED	CODING	tCa/tGa	S745*	1503	KEEP	ON
chr1	201058373	G	A	102	0	0.0	83	4	4.6	100.0	CACNA1S	GCGxGCC	NA	INTRON	CODING			1873	KEEP	ON
chr2	85361406	C	A	25	0	0.0	35	4	10.26	100.0	TCF7L1	TCCxGGG	NA	INTRON	CODING			588	KEEP	ON
chr2	85536450	G	T	34	0	0.0	38	4	9.52	100.0	TCF7L1	CCGxCCC	NA	SYNONYMOUS_CODING	CODING	cgG/cgT	R544	588	KEEP	ON
chr15	74326953	C	A	100	0	0.0	84	4	4.55	100.0	PML	ACTxTCA	NA	INTRON	CODING			423	KEEP	ON
chr15	75047160	C	T	76	0	0.0	79	4	4.82	100.0	CYP1A2	TTCxGGC	149710194	NON_SYNONYMOUS_CODING	CODING	Cgg/Tgg	R428W	516	KEEP	ON
chr21	39755465	G	A	67	0	0.0	63	4	5.97	100.0	ERG	GGTxGGG	NA	INTRON	CODING			317	KEEP	ON
chr21	42861498	G	T	71	0	0.0	84	4	4.55	100.0	TMPRSS2	GGTxATG	NA	SYNONYMOUS_CODING	CODING	atC/atA	I124	529	KEEP	ON
chr3	126753308	G	A	31	0	0.0	35	3	7.89	100.0	PLXNA1	GCGxCAG	NA	UTR_3_PRIME	CODING	448		1896	KEEP	ON
chr6	160523582	G	A	48	0	0.0	41	3	6.82	100.0	IGF2R	GACxACG	NA	NON_SYNONYMOUS_CODING	CODING	Gac/Aac	D2292N	2491	KEEP	ON
chr12	132466723	C	A	26	0	0.0	16	3	15.79	100.0	EP400	TCCxGTG	NA	SYNONYMOUS_CODING	CODING	ccC/ccA	P543	3123	KEEP	ON
chr16	3642664	G	A	41	0	0.0	37	3	7.5	100.0	SLX4	CTCxTCA	NA	INTRON	CODING			1834	KEEP	ON
chr16	10276139	G	A	37	0	0.0	43	3	6.52	100.0	GRIN2A	GGTxCAC	NA	INTRON	CODING			1464	KEEP	ON
chr17	73840462	G	T	11	0	0.0	9	2	18.18	100.0	WBP2	GAAxACA	NA	DOWNSTREAM	CODING	1318		261	KEEP	ON
chrX	66764040	C	A	11	0	0.0	6	2	25.0	100.0	AR	CAAxGCC	NA	UTR_5_PRIME	CODING	949		920	KEEP	ON
chr9	15466854	G	T	228	1	0.44	108	50	31.65	71.9318181818	PSIP1	TTTxACC	NA	DOWNSTREAM	CODING	3788		333	KEEP	ON
chr12	25398284	C	A	397	2	0.5	314	89	22.08	44.16	KRAS	CCAxCAG	121913529	NON_SYNONYMOUS_CODING	CODING	gGt/gTt	G12V	188	KEEP	ON
chr17	7579349	A	G	238	2	0.83	114	55	32.54	39.2048192771	TP53	AAGxAGC	NA	NON_SYNONYMOUS_CODING	CODING	tTc/tCc	F113S	341	KEEP	ON
chr12	4479899	G	A	423	3	0.7	334	106	24.09	34.4142857143	FGF23	CCCxTTT	145147639	SYNONYMOUS_CODING	CODING	aaC/aaT	N122	251	KEEP	ON
chr1	103453250	C	T	214	2	0.93	127	55	30.22	32.4946236559	COL11A1	GGTxCTT	NA	NON_SYNONYMOUS_CODING	CODING	gGa/gAa	G698E	1690	KEEP	ON
chr4	153244185	G	A	649	9	1.37	429	276	39.15	28.5766423358	FBXW7	TTCxAAT	NA	STOP_GAINED	CODING	Cga/Tga	R540*	589	KEEP	ON
chr5	161300238	C	T	202	2	0.98	132	43	24.57	25.0714285714	GABRA1	CTCxGGA	NA	NON_SYNONYMOUS_CODING	CODING	cCg/cTg	P124L	456	KEEP	ON
chr22	39621823	G	A	76	1	1.3	60	23	27.71	21.3153846154	PDGFB	TCCxAAT	NA	NON_SYNONYMOUS_CODING	CODING	Cgg/Tgg	R196W	226	KEEP	ON
chr2	141812636	C	A	259	4	1.52	204	42	17.07	11.2302631579	LRP1B	ATCxTAT	NA	INTRON	CODING			4599	KEEP	ON
chr2	85531373	C	T	99	1	1.0	111	12	9.76	9.76	TCF7L1	CCTxACA	NA	INTRON	CODING			588	KEEP	ON
chr5	176665397	C	T	122	1	0.81	109	5	4.39	5.41975308642	NSD1	GAAxTTG	NA	NON_SYNONYMOUS_CODING	CODING	Ctt/Ttt	L1092F	2427	KEEP	ON
chr3	181431054	G	A	122	1	0.81	92	4	4.17	5.14814814815	SOX2-OT	CCCxGTG	NA	INTRON	NON_CODING				KEEP	ON
chr16	55519237	G	A	135	1	0.74	136	5	3.55	4.7972972973	MMP2	GACxGTA	NA	NON_SYNONYMOUS_CODING	CODING	Ggt/Agt	G136S	610	KEEP	ON
chr3	126731014	G	T	39	1	2.5	41	4	8.89	3.556	PLXNA1	CCAxGGC	NA	INTRON	CODING			1896	KEEP	ON
chr17	5037195	G	A	98	3	2.97	51	5	8.93	3.00673400673	USP6	AGAxGGG	74900103	NON_SYNONYMOUS_CODING	CODING	aGg/aAg	R133K	1406	KEEP	ON
chr19	45855578	C	T	47	1	2.08	69	4	5.48	2.63461538462	KLC3	GGGxAGC	NA	DOWNSTREAM	CODING	800		504	KEEP	ON
chr12	49435160	G	A	58	2	3.33	46	4	8.0	2.4024024024	KMT2D	GGGxGTA	NA	SYNONYMOUS_CODING	CODING	acC/acT	T2131	5537	KEEP	ON
chr9	5090644	G	A	131	2	1.5	140	5	3.45	2.3	JAK2	GACxTTT	151080521	INTRON	CODING			1132	KEEP	ON
chr12	133225820	G	A	81	2	2.41	74	4	5.13	2.12863070539	POLE	TCAxGGC	NA	INTRON	CODING			2286	KEEP	ON
chr7	151970982	T	C	498	15	2.92	469	25	5.06	1.73287671233	KMT2C	CTTxATA	NA	INTRON	CODING			4911	KEEP	ON
chr7	151971011	A	G	330	13	3.79	339	15	4.24	1.11873350923	KMT2C	AATxTAA	74481560	INTRON	CODING			4911	KEEP	ON
chr1	144856780	G	A	115	6	4.96	137	8	5.52	1.11290322581	PDE4DIP	ACAxGGA	61805019	INTRON	CODING			2240	KEEP	ON
chr7	151970758	G	A	833	41	4.69	821	41	4.76	1.01492537313	KMT2C	GTTxAAG	NA	INTRON	CODING			4911	KEEP	ON
chr1	149062989	G	A	79	0	0.0	53	15	22.06	100.0	NBPF25P	GCCxCCA	NA	INTRON	NON_CODING				KEEP	OFF
chr6	161176423	G	T	21	0	0.0	18	6	25.0	100.0	PLG	AGGxGCC	NA	DOWNSTREAM	CODING	1338		810	KEEP	OFF
chr1	121482829	A	G	12	0	0.0	8	4	33.33	100.0		AACxTCA	80053704	INTERGENIC					KEEP	OFF
chr4	104496253	C	T	45	0	0.0	52	4	7.14	100.0		CAGxAGG	NA	INTERGENIC					KEEP	OFF
chr7	128696450	G	A	64	0	0.0	51	4	7.27	100.0	TPI1P2	ATCxCCT	NA	EXON	NON_CODING				KEEP	OFF
chr7	137600467	T	A	19	0	0.0	26	4	13.33	100.0	CREB3L2	GCAxGTC	NA	INTRON	CODING			248	KEEP	OFF
chr10	55587201	G	A	105	0	0.0	93	4	4.12	100.0	PCDH15	GGCxGCG	NA	NON_SYNONYMOUS_CODING	CODING	cCg/cTg	P1369L	1886	KEEP	OFF
chr14	100357415	G	A	66	0	0.0	69	4	5.48	100.0	EML1	AACxTGT	NA	INTRON	CODING			815	KEEP	OFF
chr1	228471137	C	T	16	0	0.0	29	3	9.38	100.0	OBSCN	TAAxGGG	NA	INTRON	CODING			6620	KEEP	OFF
chr3	182756738	C	A	53	0	0.0	47	3	6.0	100.0	MCCC1	GGCxCTG	NA	INTRON	CODING			725	KEEP	OFF
chr4	49652598	T	A	16	0	0.0	2	3	60.0	100.0		GAAxGGA	NA	INTERGENIC					KEEP	OFF
chr4	165864874	G	A	26	0	0.0	25	3	10.71	100.0		AATxTTC	NA	INTERGENIC					KEEP	OFF
chr6	152665114	C	A	17	0	0.0	35	3	7.89	100.0	SYNE1	TTCxCAG	NA	INTRON	CODING			8749	KEEP	OFF
chr7	27087939	C	A	42	0	0.0	43	3	6.52	100.0		CATxAAG	NA	INTERGENIC					KEEP	OFF
chr7	61967563	G	C	21	0	0.0	28	3	9.68	100.0		ACAxAGC	NA	INTERGENIC					KEEP	OFF
chr17	60365685	C	T	71	0	0.0	43	3	6.52	100.0		CCAxTCC	NA	INTERGENIC					KEEP	OFF
chrUn_gl000220	127378	T	C	18	0	0.0	3	3	50.0	100.0	LOC100507412	GTCxTAC	NA	DOWNSTREAM	NON_CODING	682			KEEP	OFF
chrUn_gl000220	140743	T	C	11	0	0.0	8	3	27.27	100.0		TATxTCC	NA	INTERGENIC					KEEP	OFF
chr1	121482786	G	A	15	0	0.0	10	2	16.67	100.0		CCTxAAC	NA	INTERGENIC					KEEP	OFF
chr1	150933813	C	T	11	0	0.0	6	2	25.0	100.0	CERS2	GCAxATT	NA	DOWNSTREAM	CODING	3836		380	KEEP	OFF
chr4	190156230	T	C	8	0	0.0	2	2	50.0	100.0		GTGxAGT	62342884	INTERGENIC					KEEP	OFF
chr10	42390384	G	A	26	0	0.0	6	2	25.0	100.0		ATCxAAT	145555913	INTERGENIC					KEEP	OFF
chr16	46401783	G	T	17	0	0.0	10	2	16.67	100.0		ATAxTTG	4249043	INTERGENIC					KEEP	OFF
chr16	46402784	T	C	24	0	0.0	10	2	16.67	100.0		TCAxTGA	57296028	INTERGENIC					KEEP	OFF
chr16	46407642	T	C	10	0	0.0	12	2	14.29	100.0		TCCxTTC	NA	INTERGENIC					KEEP	OFF
chr21	11049251	A	G	14	0	0.0	14	2	12.5	100.0	BAGE2	ATTxAAA	11701264	INTRON	CODING			109	KEEP	OFF
chr21	11049823	T	G	11	0	0.0	5	2	28.57	100.0	BAGE2	ATTxAAT	12329884	INTRON	CODING			109	KEEP	OFF
chrUn_gl000225	88073	G	T	8	0	0.0	1	2	66.67	100.0		GGGxCTT	NA	INTERGENIC					KEEP	OFF
chr21	11021171	T	C	264	1	0.38	201	16	7.37	19.3947368421	BAGE2	TTTxCTT	NA	UTR_3_PRIME	CODING	28400		109	KEEP	OFF
chr5	150715059	G	A	65	1	1.52	63	19	23.17	15.2434210526	SLC36A2	ACCxTCT	201656264	NON_SYNONYMOUS_CODING	CODING	aCg/aTg	T192M	483	KEEP	OFF
chr19	53418471	A	G	30	1	3.23	21	10	32.26	9.98761609907		ATAxTTC	4803021	INTERGENIC					KEEP	OFF
chr10	42392245	C	T	43	1	2.27	11	3	21.43	9.44052863436		CATxGAA	28788857	INTERGENIC					KEEP	OFF
chr4	49151663	A	G	32	1	3.03	7	2	22.22	7.33333333333		TCCxTTC	NA	INTERGENIC					KEEP	OFF
chr10	42380279	G	C	412	15	3.51	26	6	18.75	5.34188034188		GTTxATT	NA	INTERGENIC					KEEP	OFF
chr1	193203305	T	A	35	1	2.78	25	4	13.79	4.96043165468	CDC73	CTCxCAC	NA	INTRON	CODING			531	KEEP	OFF
chr16	46395190	A	T	37	1	2.63	28	4	12.5	4.75285171103		TCGxTGA	4250144	INTERGENIC					KEEP	OFF
chr3	197348431	A	G	21	1	4.55	22	5	18.52	4.07032967033	LOC220729	GTCxCTG	4857535	INTRON	NON_CODING				KEEP	OFF
chr2	92319919	T	G	30	1	3.23	20	3	13.04	4.03715170279		GAGxTGA	138432968	INTERGENIC					KEEP	OFF
chr16	46395283	A	G	41	2	4.65	23	5	17.86	3.84086021505		TCCxTTT	4372848	INTERGENIC					KEEP	OFF
chrUn_gl000226	7027	T	A	43	1	2.27	34	3	8.11	3.57268722467		CTCxTTT	NA	INTERGENIC					KEEP	OFF
chr16	46395402	C	A	32	1	3.03	25	3	10.71	3.53465346535		ATTxCAT	4246406	INTERGENIC					KEEP	OFF
chr17	22253144	T	C	71	3	4.05	22	3	12.0	2.96296296296		CTCxCTG	4107688	INTERGENIC					KEEP	OFF
chr2	238644037	C	T	28	1	3.45	31	3	8.82	2.55652173913	LRRFIP1	GCTxGCT	149437819	INTRON	CODING			394	KEEP	OFF
chr7	61969590	A	C	140	4	2.78	125	7	5.3	1.90647482014		TTAxCCT	4416727	INTERGENIC					KEEP	OFF
chr1	17185602	A	G	67	3	4.29	61	5	7.58	1.7668997669		AAAxTAC	79106853	INTERGENIC					KEEP	OFF
chr7	43547813	G	T	23	1	4.17	39	3	7.14	1.71223021583	LOC100506895	AAGxAGC	NA	DOWNSTREAM	NON_CODING	514			KEEP	OFF
chr7	61969243	G	C	139	6	4.14	187	14	6.97	1.68357487923		AGAxTTT	2219043	INTERGENIC					KEEP	OFF
chr2	92325152	T	G	105	4	3.67	62	4	6.06	1.65122615804		AGCxTCA	4113044	INTERGENIC					KEEP	OFF
chr7	61970421	T	C	160	5	3.03	154	6	3.75	1.23762376238		GCAxTCA	2167821	INTERGENIC					KEEP	OFF
chr1	121485111	G	A	717	30	4.02	406	21	4.92	1.22388059701		TGTxTTG	4788276	INTERGENIC					KEEP	OFF
chr7	61968843	A	G	130	5	3.7	113	5	4.24	1.14594594595		AATxAAA	10156099	INTERGENIC					KEEP	OFF
chr7	61968868	A	C	160	6	3.61	147	6	3.92	1.08587257618		CAGxAAA	2167864	INTERGENIC					KEEP	OFF
chr21	11058340	A	C	786	40	4.84	729	37	4.83	0.997933884298	BAGE2	AGGxGAG	28617310	INTRON	CODING			109	KEEP	OFF
chr7	61968901	T	G	158	6	3.66	166	6	3.49	0.953551912568		ACAxAGT	4407758	INTERGENIC					KEEP	OFF

