chr	pos	ref	alt	normal_ref_count	normal_alt_count	pct_normal_alt	tumor_ref_count	tumor_alt_count	pct_tumor_alt	tn_pct_alt_ratio	gene	context	dbsnp_id	effect	coding	codon_change	amino_acid_change	amino_acid_length	mutect_call	on/off-target
chr12	25398284	C	T	806	0	0.0	471	267	36.18	100.0	KRAS	CCAxCAG	121913529	NON_SYNONYMOUS_CODING	CODING	gGt/gAt	G12D	188	KEEP	ON
chr7	101844824	G	A	291	0	0.0	506	114	18.39	100.0	CUX1	CTCxCCC	NA	INTRON	CODING			632	KEEP	ON
chr4	126237542	C	T	419	0	0.0	475	86	15.33	100.0		TATxACA	NA	INTERGENIC					KEEP	ON
chr19	36214738	G	A	42	0	0.0	41	4	8.89	100.0	KMT2B	CCCxGGA	NA	NON_SYNONYMOUS_CODING	CODING	cGg/cAg	R1055Q	2715	KEEP	ON
chr2	240029805	C	T	18	0	0.0	30	3	9.09	100.0	HDAC4	TCCxGGC	376894517	NON_SYNONYMOUS_CODING	CODING	Ggg/Agg	G680R	1084	KEEP	ON
chr12	52345516	G	A	10	0	0.0	5	2	28.57	100.0	ACVR1B	GCGxCGG	NA	UPSTREAM	CODING	1648		453	KEEP	ON
chr17	12032605	G	A	785	6	0.76	581	209	26.46	34.8157894737	MAP2K4	GTGxTGA	NA	INTRON	CODING			399	KEEP	ON
chr6	160485421	C	G	184	1	0.54	247	51	17.11	31.6851851852	IGF2R	TCTxCTT	NA	INTRON	CODING			2491	KEEP	ON
chr3	37826577	A	T	188	2	1.05	177	60	25.32	24.1142857143	ITGA9	GTCxGCC	NA	INTRON	CODING			1035	KEEP	ON
chr17	7577121	G	A	619	8	1.28	479	169	26.08	20.375	TP53	CACxCAC	121913343	NON_SYNONYMOUS_CODING	CODING	Cgt/Tgt	R114C	182	KEEP	ON
chr16	396888	G	A	664	3	0.45	733	72	8.94	19.8666666667	AXIN1	CCCxGAG	375663435	SYNONYMOUS_CODING	CODING	tcC/tcT	S46	826	KEEP	ON
chr14	100317312	C	T	272	2	0.73	409	59	12.61	17.2739726027	EML1	GTTxGGC	NA	NON_SYNONYMOUS_CODING	CODING	Cgg/Tgg	R64W	815	KEEP	ON
chr17	63005721	G	A	263	1	0.38	199	9	4.33	11.3947368421	GNA13	TACxAGT	372374534	UTR_3_PRIME	CODING	4654		282	KEEP	ON
chr9	80537112	T	A	726	25	3.33	754	43	5.4	1.62162162162	GNAQ	GTGxGTC	NA	NON_SYNONYMOUS_CODING	CODING	Aca/Tca	T96S	359	KEEP	ON
chr6	44221299	C	T	474	17	3.46	348	15	4.13	1.1936416185	NFKBIE	GGGxGAT	143048794	DOWNSTREAM	CODING	4604		500	KEEP	ON
chr12	132547141	G	A	79	4	4.82	159	9	5.36	1.11203319502	EP400	ACAxCAG	NA	SYNONYMOUS_CODING	CODING	caG/caA	Q2743	3123	KEEP	ON
chr7	151971011	A	G	691	27	3.76	531	23	4.15	1.10372340426	KMT2C	AATxTAA	74481560	INTRON	CODING			4911	KEEP	ON
chr19	41352807	A	G	102	5	4.67	194	10	4.9	1.04925053533	CYP2A6	GTCxATG	55805386	SYNONYMOUS_CODING	CODING	atT/atC	I268	494	KEEP	ON
chr7	33044951	C	G	423	18	4.08	609	23	3.64	0.892156862745	FKBP9	ACAxGAT	NA	NON_SYNONYMOUS_CODING	CODING	caC/caG	H335Q	338	KEEP	ON
chr7	151970982	T	C	740	31	4.02	636	21	3.2	0.796019900498	KMT2C	CTTxATA	NA	INTRON	CODING			4911	KEEP	ON
chr6	80777036	G	A	115	0	0.0	170	55	24.44	100.0		GCCxTTA	NA	INTERGENIC					KEEP	OFF
chr17	37829003	G	A	63	0	0.0	73	26	26.26	100.0	PNMT	GGAxGCC	NA	DOWNSTREAM	CODING	2275		282	KEEP	OFF
chrM	12453	T	C	47	0	0.0	15	13	46.43	100.0		CCAxTGT	NA	INTERGENIC					KEEP	OFF
chr6	58776645	A	C	40	0	0.0	62	7	10.14	100.0		TGGxCCA	4320399	INTERGENIC					KEEP	OFF
chr12	9287760	C	T	23	0	0.0	13	6	31.58	100.0		GAAxGGG	NA	INTERGENIC					KEEP	OFF
chr16	46391250	A	T	15	0	0.0	26	5	16.13	100.0		ATGxTTC	4103650	INTERGENIC					KEEP	OFF
chr16	46402080	G	C	26	0	0.0	50	5	9.09	100.0		TTAxATG	4249048	INTERGENIC					KEEP	OFF
chr16	46406884	C	T	51	0	0.0	80	5	5.88	100.0		CCAxTCA	4090115	INTERGENIC					KEEP	OFF
chr16	46407752	T	G	45	0	0.0	42	5	10.64	100.0		CATxCAA	28875005	INTERGENIC					KEEP	OFF
chr16	46420342	G	A	22	0	0.0	38	5	11.63	100.0		TGAxTTT	6598702	INTERGENIC					KEEP	OFF
chr21	11058545	T	C	11	0	0.0	23	5	17.86	100.0	BAGE2	GAAxTTC	4913693	INTRON	CODING			109	KEEP	OFF
chrUn_gl000226	6973	C	A	70	0	0.0	136	5	3.55	100.0		TTGxATT	NA	INTERGENIC					KEEP	OFF
chr3	122634806	C	T	21	0	0.0	52	4	7.14	100.0	SEMA5B	ACAxGTG	NA	INTRON	CODING			1057	KEEP	OFF
chr7	61968102	A	G	17	0	0.0	19	4	17.39	100.0		TAAxGTC	NA	INTERGENIC					KEEP	OFF
chr16	46391081	A	T	22	0	0.0	31	4	11.43	100.0		TCGxTTC	28783390	INTERGENIC					KEEP	OFF
chr16	46393050	A	G	24	0	0.0	24	4	14.29	100.0		TCCxTGT	4270192	INTERGENIC					KEEP	OFF
chr16	46402093	T	C	26	0	0.0	52	4	7.14	100.0		CTAxTTG	4624206	INTERGENIC					KEEP	OFF
chr16	46406540	C	T	22	0	0.0	36	4	10.0	100.0		ATTxGAT	4589577	INTERGENIC					KEEP	OFF
chrUn_gl000220	140934	T	G	13	0	0.0	14	4	22.22	100.0		AATxTCT	NA	INTERGENIC					KEEP	OFF
chr16	46386458	G	T	10	0	0.0	10	3	23.08	100.0		AATxCCT	9746557	INTERGENIC					KEEP	OFF
chr16	46387429	C	T	30	0	0.0	37	3	7.5	100.0		GTCxAAT	28854788	INTERGENIC					KEEP	OFF
chr16	46401865	A	T	16	0	0.0	37	3	7.5	100.0		ATGxTTC	4250455	INTERGENIC					KEEP	OFF
chr16	46402768	C	T	15	0	0.0	12	3	20.0	100.0		TTTxATT	4966926	INTERGENIC					KEEP	OFF
chr16	46417274	T	C	14	0	0.0	15	3	16.67	100.0		GACxTGA	NA	INTERGENIC					KEEP	OFF
chrX	61719819	G	C	12	0	0.0	26	3	10.34	100.0		TGTxAGG	NA	INTERGENIC					KEEP	OFF
chrUn_gl000220	136901	T	G	9	0	0.0	12	3	20.0	100.0		ATCxAAT	NA	INTERGENIC					KEEP	OFF
chr1	121355250	T	G	15	0	0.0	1	2	66.67	100.0		GATxCTA	202163559	INTERGENIC					KEEP	OFF
chr2	92307265	A	G	18	0	0.0	2	2	50.0	100.0		ACTxCAG	4087687	INTERGENIC					KEEP	OFF
chr4	49104673	A	T	15	0	0.0	0	2	100.0	100.0		ACCxTTC	NA	INTERGENIC					KEEP	OFF
chr4	49657513	G	T	12	0	0.0	1	2	66.67	100.0		AATxGAA	9632046	INTERGENIC					KEEP	OFF
chr4	113280986	A	G	8	0	0.0	10	2	16.67	100.0	ALPK1	TGGxGGC	NA	INTRON	CODING			1166	KEEP	OFF
chr10	42394504	A	T	26	0	0.0	12	2	14.29	100.0		ATCxTCG	NA	INTERGENIC					KEEP	OFF
chr10	104860751	G	T	16	0	0.0	8	2	20.0	100.0	NT5C2	TGTxCAT	NA	INTRON	CODING			561	KEEP	OFF
chr11	62098894	C	T	9	0	0.0	5	2	28.57	100.0		CTGxCGA	NA	INTERGENIC					KEEP	OFF
chr12	46623216	C	A	21	0	0.0	12	2	14.29	100.0	SLC38A1	ATAxATA	NA	INTRON	CODING			487	KEEP	OFF
chr16	46388612	G	C	8	0	0.0	11	2	15.38	100.0		AGTxCAT	13332718	INTERGENIC					KEEP	OFF
chr16	46388617	A	C	8	0	0.0	10	2	16.67	100.0		ATTxGAT	13337757	INTERGENIC					KEEP	OFF
chr16	46428155	G	A	12	0	0.0	7	2	22.22	100.0		ATCxAAC	142136897	INTERGENIC					KEEP	OFF
chr17	8102705	G	T	13	0	0.0	4	2	33.33	100.0		GTCxTCA	NA	INTERGENIC					KEEP	OFF
chr18	108385	T	C	13	0	0.0	2	2	50.0	100.0	MIR8078	GGCxCTG	201933401	DOWNSTREAM	NON_CODING	3871			KEEP	OFF
chr18	47797707	G	A	9	0	0.0	10	2	16.67	100.0	MBD1	TAGxCCT	NA	DOWNSTREAM	CODING	132		536	KEEP	OFF
chrX	61687445	G	C	8	0	0.0	12	2	14.29	100.0		CTTxAAT	NA	INTERGENIC					KEEP	OFF
chrUn_gl000228	117170	A	G	10	0	0.0	3	2	40.0	100.0	DUX4L	CAGxGAT	NA	DOWNSTREAM	NON_CODING	2494			KEEP	OFF
chrUn_gl000212	40908	C	T	76	1	1.3	1	2	66.67	51.2846153846	FAM230C	TTTxCAT	NA	INTRON	NON_CODING				KEEP	OFF
chr10	42600194	C	T	126	2	1.56	15	6	28.57	18.3141025641		CATxGAA	141535543	INTERGENIC					KEEP	OFF
chr10	42393745	T	A	68	1	1.45	21	5	19.23	13.2620689655		GATxGAA	NA	INTERGENIC					KEEP	OFF
chrUn_gl000226	152	G	A	47	1	2.08	15	5	25.0	12.0192307692		TTTxCAT	NA	INTERGENIC					KEEP	OFF
chr6	80775524	G	T	169	2	1.17	247	40	13.94	11.9145299145		ATTxTGA	NA	INTERGENIC					KEEP	OFF
chr21	10843463	G	C	20	1	4.76	3	3	50.0	10.5042016807		ATGxAAT	NA	INTERGENIC					KEEP	OFF
chr10	42528017	A	G	171	6	3.39	11	5	31.25	9.21828908555		TCTxGCA	NA	INTERGENIC					KEEP	OFF
chr10	42392354	T	A	66	1	1.49	40	4	9.09	6.10067114094		AATxGAA	61848546	INTERGENIC					KEEP	OFF
chr1	17008420	G	A	41	1	2.38	44	7	13.73	5.76890756303	MIR3675	GGTxTCA	150930109	DOWNSTREAM	NON_CODING	597			KEEP	OFF
chr16	46403717	A	T	85	1	1.16	116	8	6.45	5.56034482759		TCCxTTC	6422043	INTERGENIC					KEEP	OFF
chr8	43831617	C	G	22	1	4.35	23	7	23.33	5.3632183908		TATxTGG	200099035	INTERGENIC					KEEP	OFF
chr3	196625691	A	T	123	2	1.6	69	6	8.0	5.0	SENP5	TCGxTGA	12487121	INTRON	CODING			755	KEEP	OFF
chr11	120299040	C	T	120	1	0.83	94	4	4.08	4.9156626506	ARHGEF12	CGGxTGA	NA	INTRON	CODING			1525	KEEP	OFF
chr6	152011531	C	A	23	1	4.17	20	4	16.67	3.99760191847		AAGxAAG	NA	INTERGENIC					KEEP	OFF
chr16	46404579	C	G	38	1	2.56	55	5	8.33	3.25390625		TTCxACT	9746135	INTERGENIC					KEEP	OFF
chr17	5405277	G	T	62	1	1.59	91	4	4.21	2.64779874214	NLRP1	GCAxCAA	NA	INTRON	CODING			1375	KEEP	OFF
chr1	17008459	T	A	55	2	3.51	50	5	9.09	2.58974358974	MIR3675	AGAxGAA	3981493	DOWNSTREAM	NON_CODING	636			KEEP	OFF
chr16	46395251	G	C	48	1	2.04	91	5	5.21	2.55392156863		TTAxATT	4292070	INTERGENIC					KEEP	OFF
chr16	46391651	A	G	53	2	3.64	91	9	9.0	2.47252747253		TCCxTTC	4103653	INTERGENIC					KEEP	OFF
chr16	46395310	G	A	51	2	3.77	74	7	8.64	2.29177718833		TTTxATG	4349321	INTERGENIC					KEEP	OFF
chr16	46420356	G	C	23	1	4.17	38	4	9.52	2.2829736211		TGGxATA	8050211	INTERGENIC					KEEP	OFF
chr2	92307335	T	C	62	3	4.62	40	4	9.09	1.96753246753		GTAxCTA	NA	INTERGENIC					KEEP	OFF
chr21	11039527	G	A	128	6	4.48	175	15	7.89	1.76116071429	BAGE2	TTGxCTA	10154051	INTRON	CODING			109	KEEP	OFF
chr16	46395402	C	A	36	1	2.7	90	4	4.26	1.57777777778		ATTxCAT	4246406	INTERGENIC					KEEP	OFF
chr16	46391614	T	C	53	2	3.64	86	5	5.49	1.50824175824		TGAxTCC	4340356	INTERGENIC					KEEP	OFF
chr10	42388344	T	A	150	7	4.46	114	8	6.56	1.47085201794		AATxGAA	NA	INTERGENIC					KEEP	OFF
chrUn_gl000212	295	T	C	309	12	3.74	305	16	4.98	1.33155080214		ATAxGTA	NA	INTERGENIC					KEEP	OFF
chr1	121485323	T	A	686	28	3.92	334	18	5.11	1.30357142857		TCAxAGA	NA	INTERGENIC					KEEP	OFF
chr7	151970705	A	C	833	40	4.58	715	45	5.92	1.29257641921	KMT2C	TAGxATA	NA	INTRON	CODING			4911	KEEP	OFF
chr1	17185572	C	G	111	5	4.31	136	8	5.56	1.29002320186		CAGxCCC	199942047	INTERGENIC					KEEP	OFF
chr10	42385586	G	C	144	6	4.0	234	12	4.88	1.22		ATTxTCA	4300977	INTERGENIC					KEEP	OFF
chr21	11058382	A	G	824	43	4.96	749	48	6.02	1.21370967742	BAGE2	AATxTAA	NA	INTRON	CODING			109	KEEP	OFF
chr21	11058340	A	C	856	38	4.25	786	40	4.84	1.13882352941	BAGE2	AGGxGAG	28617310	INTRON	CODING			109	KEEP	OFF

