chr	pos	ref	alt	normal_ref_count	normal_alt_count	pct_normal_alt	tumor_ref_count	tumor_alt_count	pct_tumor_alt	tn_pct_alt_ratio	gene	context	dbsnp_id	effect	coding	codon_change	amino_acid_change	amino_acid_length	mutect_call	on/off-target
chr3	38592489	C	T	47	0	0.0	92	26	22.03	100.0	SCN5A	TATxGAA	NA	NON_SYNONYMOUS_CODING	CODING	Gat/Aat	D1738N	1962	KEEP	ON
chr2	237490222	G	A	55	0	0.0	45	23	33.82	100.0	ACKR3	GACxGGT	NA	UTR_3_PRIME	CODING	25		362	KEEP	ON
chr1	157566088	C	T	41	0	0.0	25	10	28.57	100.0	FCRL4	AGAxATA	NA	INTRON	CODING			515	KEEP	ON
chr11	44254094	C	G	84	0	0.0	33	9	21.43	100.0	EXT2	ATAxACA	NA	INTRON	CODING			718	KEEP	ON
chr12	498145	C	T	673	0	0.0	288	8	2.7	100.0	KDM5A	ATGxGGC	NA	NON_SYNONYMOUS_CODING	CODING	cGc/cAc	R38H	1690	KEEP	ON
chr14	102568294	G	A	90	0	0.0	157	6	3.68	100.0	HSP90AA1	GACxCGG	NA	NON_SYNONYMOUS_CODING	CODING	gCg/gTg	A95V	854	KEEP	ON
chr3	181431407	G	A	121	0	0.0	81	4	4.71	100.0	SOX2-OT	GGGxAAT	NA	INTRON	NON_CODING				KEEP	ON
chr3	183665240	G	A	107	0	0.0	81	4	4.71	100.0	ABCC5	ACCxCAT	NA	NON_SYNONYMOUS_CODING	CODING	Cgg/Tgg	R1096W	1437	KEEP	ON
chr5	137520521	T	A	99	0	0.0	81	4	4.71	100.0	CDC23	CCAxGAA	NA	DOWNSTREAM	CODING	2816		597	KEEP	ON
chr6	168363184	G	A	133	0	0.0	94	4	4.08	100.0	MLLT4	AGCxAGG	NA	SYNONYMOUS_CODING	CODING	gcG/gcA	A1611	1743	KEEP	ON
chrX	39923724	C	T	83	0	0.0	88	4	4.35	100.0	BCOR	TGTxCGA	NA	NON_SYNONYMOUS_CODING	CODING	Gac/Aac	D1105N	1703	KEEP	ON
chr6	69348921	C	T	100	0	0.0	42	3	6.67	100.0	BAI3	TTTxGTT	NA	SYNONYMOUS_CODING	CODING	ttC/ttT	F118	1522	KEEP	ON
chr16	2817159	G	A	42	0	0.0	35	3	7.89	100.0	TCEB2	CCAxGTT	NA	DOWNSTREAM	CODING	4256		118	KEEP	ON
chr17	63533159	G	A	15	0	0.0	30	3	9.09	100.0	AXIN2	TGGxCAA	NA	NON_SYNONYMOUS_CODING	CODING	Ccc/Tcc	P579S	843	KEEP	ON
chr19	11094903	G	A	22	0	0.0	42	3	6.67	100.0	SMARCA4	GGAxCCA	145867502	NON_SYNONYMOUS_CODING	CODING	Gcc/Acc	A26T	1613	KEEP	ON
chr19	15300064	G	A	17	0	0.0	43	3	6.52	100.0	NOTCH3	ACAxACG	NA	INTRON	CODING			2321	KEEP	ON
chr3	153840221	C	T	14	0	0.0	3	2	40.0	100.0	ARHGEF26	CCCxGCG	NA	NON_SYNONYMOUS_CODING	CODING	cCg/cTg	P147L	791	KEEP	ON
chr16	66969554	C	T	27	0	0.0	10	2	16.67	100.0	CES2	AGAxTTC	NA	EXON	CODING				KEEP	ON
chr12	25398284	C	A	742	4	0.54	226	173	43.36	80.2962962963	KRAS	CCAxCAG	121913529	NON_SYNONYMOUS_CODING	CODING	gGt/gTt	G12V	188	KEEP	ON
chr17	7578275	G	A	239	2	0.83	110	81	42.41	51.0963855422	TP53	GCTxAGG	NA	STOP_GAINED	CODING	Cag/Tag	Q153*	302	KEEP	ON
chr13	28908142	C	A	352	1	0.28	346	50	12.63	45.1071428571	FLT1	AAGxCAA	NA	INTRON	CODING			1338	KEEP	ON
chr5	169108784	C	T	115	1	0.86	81	44	35.2	40.9302325581	DOCK2	AGAxGGA	202075394	SYNONYMOUS_CODING	CODING	gaC/gaT	D169	1830	KEEP	ON
chr16	55517928	G	A	134	1	0.74	99	30	23.26	31.4324324324	MMP2	CAGxATC	NA	SPLICE_SITE_REGION	CODING			610	KEEP	ON
chrX	41203305	G	A	393	1	0.25	167	6	3.47	13.88	DDX3X	GCCxCAA	NA	NON_SYNONYMOUS_CODING	CODING	cGc/cAc	R247H	646	KEEP	ON
chr15	40457379	C	T	301	1	0.33	130	5	3.7	11.2121212121	BUB1B	ATAxTCT	NA	NON_SYNONYMOUS_CODING	CODING	aCt/aTt	T54I	1050	KEEP	ON
chr6	7558520	C	T	217	1	0.46	81	4	4.71	10.2391304348	DSP	GATxGGG	113310877	INTRON	CODING			2272	KEEP	ON
chr1	92713465	G	T	112	1	0.88	84	5	5.62	6.38636363636	C1orf146	AATxTGC	NA	DOWNSTREAM	CODING	2098		180	KEEP	ON
chr1	162760636	C	T	177	3	1.67	58	5	7.94	4.75449101796	HSD17B7	CTCxTTT	NA	INTRON	CODING			341	KEEP	ON
chr3	37323569	C	T	296	2	0.67	194	6	3.0	4.4776119403	GOLGA4	GTAxGAA	NA	STOP_GAINED	CODING	Cga/Tga	R117*	2243	KEEP	ON
chr8	42178259	G	A	69	1	1.43	69	4	5.48	3.83216783217	IKBKB	AACxAAG	147186110	EXON	CODING				KEEP	ON
chr16	16267194	C	T	77	1	1.28	82	4	4.65	3.6328125	ABCC6	GGTxATC	NA	NON_SYNONYMOUS_CODING	CODING	Gac/Aac	D912N	1503	KEEP	ON
chr12	49434380	G	A	90	2	2.17	68	5	6.85	3.15668202765	KMT2D	AGGxGGC	NA	SYNONYMOUS_CODING	CODING	ccC/ccT	P2391	5537	KEEP	ON
chr19	10277247	G	A	66	1	1.49	83	4	4.6	3.08724832215	DNMT1	GGAxTTC	NA	INTRON	CODING			1616	KEEP	ON
chr7	151970982	T	C	634	13	2.01	237	14	5.58	2.77611940299	KMT2C	CTTxATA	NA	INTRON	CODING			4911	KEEP	ON
chr12	52369218	G	A	131	2	1.5	92	4	4.17	2.78	ACVR1B	CTCxGAG	NA	SYNONYMOUS_CODING	CODING	tcG/tcA	S35	453	KEEP	ON
chr9	134107628	G	A	147	2	1.34	132	5	3.65	2.72388059701	NUP214	TTCxAGT	372547529	INTRON	CODING			2090	KEEP	ON
chr3	9052056	G	A	48	1	2.04	91	5	5.21	2.55392156863	SRGAP3	CTCxCTG	76476731	SYNONYMOUS_CODING	CODING	agC/agT	S697	1075	KEEP	ON
chr12	133225557	G	A	97	2	2.02	107	5	4.46	2.20792079208	POLE	CTGxTTC	NA	SYNONYMOUS_CODING	CODING	aaC/aaT	N1369	2286	KEEP	ON
chrX	41203254	G	A	238	5	2.06	95	4	4.04	1.96116504854	DDX3X	AGAxTTA	NA	INTRON	CODING			646	KEEP	ON
chr7	151970877	G	A	869	25	2.8	618	24	3.74	1.33571428571	KMT2C	AAGxATA	138627563	NON_SYNONYMOUS_CODING	CODING	Cct/Tct	P309S	4911	KEEP	ON
chr7	151970758	G	A	858	45	4.98	767	42	5.19	1.0421686747	KMT2C	GTTxAAG	NA	INTRON	CODING			4911	KEEP	ON
chr7	151945078	G	C	838	28	3.23	753	20	2.59	0.801857585139	KMT2C	GTTxTTG	NA	NON_SYNONYMOUS_CODING	CODING	aCa/aGa	T814R	4911	KEEP	ON
chr2	169836317	C	T	47	0	0.0	21	14	40.0	100.0	ABCB11	ATTxTGT	NA	INTRON	CODING			1321	KEEP	OFF
chr7	61969184	A	G	41	0	0.0	43	5	10.42	100.0		ATAxAAA	2100385	INTERGENIC					KEEP	OFF
chrY	14107245	C	T	55	0	0.0	112	5	4.27	100.0		ACCxGAT	NA	INTERGENIC					KEEP	OFF
chr3	155831846	G	T	45	0	0.0	74	4	5.13	100.0		CCTxGGC	NA	INTERGENIC					KEEP	OFF
chr6	58776911	T	C	26	0	0.0	27	4	12.9	100.0		ACAxCTT	4928557	INTERGENIC					KEEP	OFF
chr7	61968920	A	T	43	0	0.0	46	4	8.0	100.0		TTCxTAG	9801456	INTERGENIC					KEEP	OFF
chr7	61969481	C	T	48	0	0.0	78	4	4.88	100.0		TTTxAAG	2100383	INTERGENIC					KEEP	OFF
chr7	61969488	T	C	51	0	0.0	78	4	4.88	100.0		CGAxTTG	2167844	INTERGENIC					KEEP	OFF
chr7	61969592	C	G	32	0	0.0	34	4	10.53	100.0		AACxTTT	4339521	INTERGENIC					KEEP	OFF
chr13	101833795	G	T	20	0	0.0	38	4	9.52	100.0	NALCN	AATxCAG	NA	INTRON	CODING			1738	KEEP	OFF
chr17	20448309	A	G	9	0	0.0	10	4	28.57	100.0		GCCxAGG	NA	INTERGENIC					KEEP	OFF
chr6	35425552	C	A	29	0	0.0	22	3	12.0	100.0	FANCE	TTAxCAT	NA	INTRON	CODING			536	KEEP	OFF
chr8	2020704	C	T	65	0	0.0	41	3	6.82	100.0	MYOM2	AGAxAGC	NA	INTRON	CODING			1465	KEEP	OFF
chr11	46342146	C	T	25	0	0.0	21	3	12.5	100.0	CREB3L1	GGTxCCC	NA	INTRON	CODING			519	KEEP	OFF
chr16	46393074	T	A	18	0	0.0	10	3	23.08	100.0		CTAxTCG	NA	INTERGENIC					KEEP	OFF
chr16	46402116	T	C	17	0	0.0	11	3	21.43	100.0		CCCxTCG	4966484	INTERGENIC					KEEP	OFF
chrUn_gl000220	127378	T	C	8	0	0.0	10	3	23.08	100.0	LOC100507412	GTCxTAC	NA	DOWNSTREAM	NON_CODING	682			KEEP	OFF
chr1	121483309	C	G	21	0	0.0	7	2	22.22	100.0		GTTxAGC	28857589	INTERGENIC					KEEP	OFF
chr2	92318676	A	G	12	0	0.0	9	2	18.18	100.0		GACxGCA	NA	INTERGENIC					KEEP	OFF
chr7	61967554	C	T	8	0	0.0	10	2	16.67	100.0		TCCxTTT	NA	INTERGENIC					KEEP	OFF
chr7	151884187	G	A	12	0	0.0	2	2	50.0	100.0	KMT2C	AAAxTAA	NA	INTRON	CODING			4911	KEEP	OFF
chr16	46387488	C	T	8	0	0.0	2	2	50.0	100.0		TTCxGGT	4249125	INTERGENIC					KEEP	OFF
chr16	46388411	A	G	9	0	0.0	5	2	28.57	100.0		TCAxTTC	4249952	INTERGENIC					KEEP	OFF
chr16	46391853	G	C	12	0	0.0	11	2	15.38	100.0		GATxATT	4232885	INTERGENIC					KEEP	OFF
chr16	46392959	G	C	10	0	0.0	8	2	20.0	100.0		AATxATT	9674425	INTERGENIC					KEEP	OFF
chr16	46406831	T	C	19	0	0.0	12	2	14.29	100.0		GAGxCCA	4011869	INTERGENIC					KEEP	OFF
chr17	29557606	A	T	9	0	0.0	5	2	28.57	100.0	NF1	TATxCTT	NA	INTRON	CODING			2818	KEEP	OFF
chr17	75488595	G	T	9	0	0.0	8	2	20.0	100.0	SEPT9	CTTxAAC	NA	INTRON	CODING			335	KEEP	OFF
chr4	49098888	C	T	24	1	4.0	2	2	50.0	12.5		ATTxCAT	NA	INTERGENIC					KEEP	OFF
chr4	49141704	T	A	51	1	1.92	7	2	22.22	11.5729166667		TGAxTCC	NA	INTERGENIC					KEEP	OFF
chr5	74647518	C	T	81	1	1.22	35	4	10.26	8.40983606557	HMGCR	CTAxAGC	NA	INTRON	CODING			835	KEEP	OFF
chr21	11039521	C	T	109	1	0.91	71	4	5.33	5.85714285714	BAGE2	AAAxATT	NA	INTRON	CODING			109	KEEP	OFF
chr1	121484880	T	C	78	2	2.5	78	9	10.34	4.136		CAAxGGC	2128557	INTERGENIC					KEEP	OFF
chr7	61969047	G	A	58	2	3.33	43	6	12.24	3.67567567568		TTTxTGC	4596536	INTERGENIC					KEEP	OFF
chr2	92186801	G	T	84	2	2.33	69	6	8.0	3.43347639485		AGGxGGC	74328916	INTERGENIC					KEEP	OFF
chr16	46395251	G	C	26	1	3.7	21	3	12.5	3.37837837838		TTAxATT	4292070	INTERGENIC					KEEP	OFF
chr7	61969590	A	C	32	1	3.03	36	3	7.69	2.53795379538		TTAxCCT	4416727	INTERGENIC					KEEP	OFF
chr22	16346398	C	G	87	2	2.25	107	6	5.31	2.36		ATGxTAG	8136532	INTERGENIC					KEEP	OFF
chr10	42385534	A	C	60	3	4.76	48	6	11.11	2.33403361345		ATCxTCA	11812254	INTERGENIC					KEEP	OFF
chr7	61968844	A	C	27	1	3.57	33	3	8.33	2.33333333333		ATAxAAA	2219049	INTERGENIC					KEEP	OFF
chr21	11049364	C	T	540	24	4.26	405	36	8.16	1.91549295775	BAGE2	CCTxTAT	468502	INTRON	CODING			109	KEEP	OFF
chr16	46392035	A	T	40	2	4.76	35	3	7.89	1.65756302521		ATTxTAT	4452114	INTERGENIC					KEEP	OFF
chr2	92186799	G	A	80	3	3.61	68	4	5.56	1.54016620499		GAAxGGG	NA	INTERGENIC					KEEP	OFF
chr1	121484121	C	T	70	3	4.11	78	4	4.88	1.18734793187		GAAxGAT	9701683	INTERGENIC					KEEP	OFF
chr21	11058377	C	T	762	23	2.93	538	19	3.41	1.1638225256	BAGE2	ATTxAAA	74696585	INTRON	CODING			109	KEEP	OFF
chr21	11058353	T	C	772	39	4.81	687	33	4.58	0.952182952183	BAGE2	CTTxATA	79433933	INTRON	CODING			109	KEEP	OFF

