chr	pos	ref	alt	normal_ref_count	normal_alt_count	pct_normal_alt	tumor_ref_count	tumor_alt_count	pct_tumor_alt	tn_pct_alt_ratio	gene	context	dbsnp_id	effect	coding	codon_change	amino_acid_change	amino_acid_length	mutect_call	on/off-target
chr10	27389299	G	A	309	0	0.0	261	28	9.69	100.0	ANKRD26	TCGxCTC	NA	UTR_5_PRIME	CODING	44		1709	KEEP	ON
chr17	7578406	C	T	99	0	0.0	106	15	12.4	100.0	TP53	CAGxGCC	28934578	NON_SYNONYMOUS_CODING	CODING	cGc/cAc	R136H	302	KEEP	ON
chr17	12013705	T	C	259	0	0.0	142	15	9.55	100.0	MAP2K4	CACxAAA	NA	NON_SYNONYMOUS_CODING	CODING	cTa/cCa	L216P	399	KEEP	ON
chr1	228466561	G	A	65	0	0.0	77	8	9.41	100.0	OBSCN	ACCxCAA	NA	NON_SYNONYMOUS_CODING	CODING	cGc/cAc	R2344H	6620	KEEP	ON
chr19	17936139	G	A	200	0	0.0	258	8	3.01	100.0	INSL3	TGCxTGA	NA	UPSTREAM	CODING	3756		131	KEEP	ON
chrX	53224035	C	T	110	0	0.0	165	7	4.07	100.0	MIR6894	AAGxGGT	NA	DOWNSTREAM	NON_CODING	4036			KEEP	ON
chr1	16464831	G	A	122	0	0.0	185	6	3.14	100.0	EPHA2	GCAxGAG	NA	SYNONYMOUS_CODING	CODING	tcC/tcT	S306	976	KEEP	ON
chr10	121196230	G	A	156	0	0.0	168	6	3.45	100.0	GRK5	GGGxTGA	NA	NON_SYNONYMOUS_CODING	CODING	gGt/gAt	G269D	590	KEEP	ON
chr14	105236685	G	A	163	0	0.0	178	6	3.26	100.0	AKT1	GCCxTGC	201291259	NON_SYNONYMOUS_CODING	CODING	aCg/aTg	T479M	480	KEEP	ON
chr16	15847233	G	A	153	0	0.0	167	6	3.47	100.0	MYH11	CCCxAGC	NA	INTRON	CODING			1938	KEEP	ON
chr3	37365514	C	A	180	0	0.0	135	5	3.57	100.0	GOLGA4	GATxAAA	NA	NON_SYNONYMOUS_CODING	CODING	Caa/Aaa	Q713K	2230	KEEP	ON
chr6	90096977	G	A	104	0	0.0	122	5	3.94	100.0	RRAGD	ACCxGCC	NA	INTRON	CODING			400	KEEP	ON
chr7	6189751	G	A	109	0	0.0	131	5	3.68	100.0	USP42	GCCxAAG	NA	NON_SYNONYMOUS_CODING	CODING	Gaa/Aaa	E642K	1316	KEEP	ON
chr9	136561424	G	A	108	0	0.0	119	5	4.03	100.0	SARDH	CCCxAAG	NA	SYNONYMOUS_CODING	CODING	ttC/ttT	F576	918	KEEP	ON
chr10	70404773	G	A	139	0	0.0	143	5	3.38	100.0	TET1	CATxTAC	NA	NON_SYNONYMOUS_CODING	CODING	Gta/Ata	V763I	2136	KEEP	ON
chr11	96074819	G	A	95	0	0.0	115	5	4.17	100.0	MIR1260B	GCTxTAC	NA	DOWNSTREAM	NON_CODING	129			KEEP	ON
chr17	37856263	G	A	87	0	0.0	65	5	7.14	100.0	ERBB2	GGTxGAG	NA	EXON	CODING				KEEP	ON
chr19	10610212	G	A	111	0	0.0	112	5	4.27	100.0	KEAP1	AACxCTG	NA	SYNONYMOUS_CODING	CODING	agC/agT	S166	624	KEEP	ON
chr20	39794007	C	T	121	0	0.0	120	5	4.0	100.0	PLCG1	CCAxGTG	183607342	SPLICE_SITE_REGION	CODING			1290	KEEP	ON
chr1	38489346	C	T	70	0	0.0	64	4	5.88	100.0	UTP11L	TGTxGTT	NA	UTR_3_PRIME	CODING	46		253	KEEP	ON
chr3	10183542	G	A	65	0	0.0	64	4	5.88	100.0	VHL	GGAxGGC	NA	NON_SYNONYMOUS_CODING	CODING	aGg/aAg	R4K	172	KEEP	ON
chr3	122631065	G	A	33	0	0.0	65	4	5.8	100.0	SEMA5B	CCCxAGA	NA	EXON	CODING				KEEP	ON
chr5	150945546	G	A	68	0	0.0	88	4	4.35	100.0	FAT2	CCAxAAT	NA	SYNONYMOUS_CODING	CODING	Ctg/Ttg	L983	4349	KEEP	ON
chr8	42146199	C	T	55	0	0.0	63	4	5.97	100.0	IKBKB	CAGxCCC	NA	EXON	CODING				KEEP	ON
chr17	48148804	G	A	52	0	0.0	91	4	4.21	100.0	ITGA3	GGAxGAG	NA	NON_SYNONYMOUS_CODING	CODING	aGg/aAg	R294K	1051	KEEP	ON
chr17	78324112	C	T	85	0	0.0	95	4	4.04	100.0	LOC100294362	TAAxGAA	NA	DOWNSTREAM	NON_CODING	1519			KEEP	ON
chr19	11095031	C	T	58	0	0.0	69	4	0.0548	100.0	SMARCA4	CAAxATG	NA	SYNONYMOUS_CODING	CODING	aaC/aaT	N68	1613	KEEP	ON
chrX	151870272	C	T	57	0	0.0	82	4	4.65	100.0	MAGEA6	TTGxAGC	NA	UTR_3_PRIME	CODING	17		314	KEEP	ON
chr1	109824526	G	A	24	0	0.0	27	3	10.0	100.0	PSRC1	ATCxAGG	NA	SYNONYMOUS_CODING	CODING	ctC/ctT	L78	310	KEEP	ON
chr1	201009773	G	A	25	0	0.0	43	3	6.52	100.0	CACNA1S	CCTxGCC	NA	STOP_GAINED	CODING	Cag/Tag	Q1735*	1873	KEEP	ON
chr1	228557681	G	A	27	0	0.0	46	3	6.12	100.0	OBSCN	ACCxTGC	373638525	NON_SYNONYMOUS_CODING	CODING	cGt/cAt	R6669H	7968	KEEP	ON
chr3	49936254	G	A	50	0	0.0	38	3	7.32	100.0	MST1R	TCTxTGA	NA	INTRON	CODING			1351	KEEP	ON
chr9	136918533	G	A	19	0	0.0	21	3	12.5	100.0	BRD3	GGGxGGG	144468611	NON_SYNONYMOUS_CODING	CODING	Ccc/Tcc	P23S	726	KEEP	ON
chr17	7606772	G	A	50	0	0.0	43	3	6.52	100.0	WRAP53	GGAxGAA	NA	NON_SYNONYMOUS_CODING	CODING	Gga/Aga	G539R	548	KEEP	ON
chr19	2226197	G	A	42	0	0.0	40	3	6.98	100.0	DOT1L	CGGxAAG	NA	NON_SYNONYMOUS_CODING	CODING	gGa/gAa	G1226E	1537	KEEP	ON
chr19	50905883	G	A	33	0	0.0	30	3	9.09	100.0	POLD1	CCAxCTG	NA	EXON	CODING				KEEP	ON
chr22	17684718	C	T	34	0	0.0	46	3	0.0612	100.0	CECR1	CCCxGGG	NA	INTRON	CODING			391	KEEP	ON
chr22	23523804	G	A	21	0	0.0	29	3	9.38	100.0	BCR	CGCxGGC	NA	SYNONYMOUS_CODING	CODING	gcG/gcA	A219	1227	KEEP	ON
chr12	25398284	C	A	592	2	0.34	364	46	11.22	33.0	KRAS	CCAxCAG	121913529	NON_SYNONYMOUS_CODING	CODING	gGt/gTt	G12V	188	KEEP	ON
chr18	48575159	C	T	691	3	0.43	393	39	9.03	21.0	SMAD4	ATGxGTT	NA	NON_SYNONYMOUS_CODING	CODING	gCg/gTg	A118V	552	KEEP	ON
chr17	41277347	C	T	195	1	0.51	161	6	3.59	7.03921568627	BRCA1	AAAxCCC	NA	UPSTREAM	CODING	1215		759	KEEP	ON
chr1	186106912	G	A	199	1	0.5	189	6	3.08	6.16	HMCN1	GGTxTAA	NA	INTRON	CODING			5635	KEEP	ON
chr18	22804558	G	A	157	1	0.63	156	6	3.7	5.87301587302	ZNF521	GACxTTA	NA	SYNONYMOUS_CODING	CODING	aaC/aaT	N1108	1311	KEEP	ON
chr18	45364243	G	A	165	1	0.6	137	5	3.52	5.86666666667	SMAD2	ACTxTAC	NA	UTR_3_PRIME	CODING	3955		437	KEEP	ON
chrX	70347977	G	A	175	1	0.57	177	6	3.28	5.75438596491	MED12	TGGxGTG	NA	INTRON	CODING			2177	KEEP	ON
chr20	39801417	G	A	79	1	1.25	84	6	6.67	5.336	MIR6871	ACTxTGG	NA	DOWNSTREAM	NON_CODING	3699			KEEP	ON
chr19	45297529	G	A	133	1	0.75	137	5	3.52	4.69333333333	CBLC	CCAxCCG	NA	SYNONYMOUS_CODING	CODING	caG/caA	Q405	428	KEEP	ON
chr6	70048791	G	A	238	2	0.83	198	8	3.88	4.67469879518	BAI3	GGTxTTC	368287387	INTRON	CODING			1522	KEEP	ON
chr11	114121066	G	A	59	1	1.67	48	4	7.69	4.60479041916	ZBTB16	AGTxTAA	NA	NON_SYNONYMOUS_CODING	CODING	tGt/tAt	C604Y	673	KEEP	ON
chr1	156882389	G	A	107	1	0.93	121	5	3.97	4.2688172043	PEAR1	AGGxCAC	NA	SYNONYMOUS_CODING	CODING	ggG/ggA	G728	1037	KEEP	ON
chr4	149075965	G	A	89	1	1.11	83	4	4.6	4.14414414414	NR3C2	TGCxGGG	NA	INTRON	CODING			867	KEEP	ON
chr11	92616460	G	A	86	1	1.15	121	6	4.72	4.10434782609	FAT3	GGCxTGG	NA	NON_SYNONYMOUS_CODING	CODING	Gtg/Atg	V4280M	4557	KEEP	ON
chr6	151670649	G	A	80	1	1.23	77	4	4.94	4.0162601626	AKAP12	TATxAGA	NA	NON_SYNONYMOUS_CODING	CODING	Gag/Aag	E277K	1684	KEEP	ON
chr12	49521928	C	T	181	2	1.09	134	6	4.29	3.93577981651	TUBA1B	AGGxGAG	NA	NON_SYNONYMOUS_CODING	CODING	cGc/cAc	R390H	451	KEEP	ON
chr11	68206099	G	A	63	1	1.56	80	5	5.88	3.76923076923	LRP5	CACxTGC	NA	NON_SYNONYMOUS_CODING	CODING	Gtg/Atg	V1433M	1615	KEEP	ON
chr3	142178046	G	A	332	4	1.19	198	9	4.35	3.65546218487	ATR	AACxTAT	NA	INTRON	CODING			2644	KEEP	ON
chr15	84553825	G	A	207	2	0.96	184	6	3.16	3.29166666667	ADAMTSL3	CACxTGT	NA	INTRON	CODING			1691	KEEP	ON
chr8	128751178	C	T	140	2	1.41	124	6	4.62	3.27659574468	MYC	CTGxTCT	NA	NON_SYNONYMOUS_CODING	CODING	Ctc/Ttc	L239F	454	KEEP	ON
chrX	3240024	G	A	331	3	0.9	386	11	2.77	3.07777777778	MXRA5	CCCxTGT	NA	SYNONYMOUS_CODING	CODING	caC/caT	H1234	2828	KEEP	ON
chr1	10425668	G	A	197	2	1.01	189	6	3.08	3.0495049505	KIF1B	ATCxAAA	NA	NON_SYNONYMOUS_CODING	CODING	Gaa/Aaa	E1526K	1770	KEEP	ON
chr19	41355828	C	T	38	1	2.56	39	3	7.14	2.7890625	CYP2A6	GCAxCAC	200582200	NON_SYNONYMOUS_CODING	CODING	Gtg/Atg	V80M	494	KEEP	ON
chr19	50905973	C	T	39	1	2.5	40	3	0.0698	0.02792	POLD1	CTTxGAT	150116169	EXON	CODING				KEEP	ON
chr6	160504994	G	A	129	2	1.53	137	6	4.2	2.74509803922	IGF2R	ACCxGAC	373029226	NON_SYNONYMOUS_CODING	CODING	cGg/cAg	R1949Q	2491	KEEP	ON
chr7	43447306	C	T	124	2	1.59	152	6	3.8	2.38993710692	HECW1	CACxGTG	NA	SYNONYMOUS_CODING	CODING	acC/acT	T259	1572	KEEP	ON
chr7	126746621	G	A	266	4	1.48	265	8	2.93	1.97972972973	GRM8	GTCxAAA	NA	EXON	CODING				KEEP	ON
chr7	98581898	G	A	217	4	1.81	199	7	3.4	1.87845303867	TRRAP	ATCxTGG	NA	NON_SYNONYMOUS_CODING	CODING	Gtg/Atg	V3044M	3830	KEEP	ON
chr5	158250262	C	T	172	3	1.71	186	6	3.12	1.82456140351	EBF1	GGAxAAA	NA	NON_SYNONYMOUS_CODING	CODING	Gtc/Atc	V211I	560	KEEP	ON
chr12	2794921	G	A	75	3	3.85	82	6	6.82	1.77142857143	CACNA1C-AS1	GACxAAA	200231105	INTRON	NON_CODING				KEEP	ON
chr17	74469327	G	A	57	2	3.39	69	4	5.48	1.61651917404	AANAT	CTCxCCT	200007588	DOWNSTREAM	CODING	3128		207	KEEP	ON
chr4	169837099	G	A	247	5	1.98	213	7	3.18	1.60606060606	PALLD	AGCxATT	NA	NON_SYNONYMOUS_CODING	CODING	cGa/cAa	R420Q	672	KEEP	ON
chr16	55853481	G	A	97	3	3.0	143	7	4.67	1.55666666667	CES1	TCCxTCT	202001817	NON_SYNONYMOUS_CODING	CODING	aCg/aTg	T290M	566	KEEP	ON
chr7	151935831	G	A	269	10	3.58	199	11	5.24	1.46368715084	KMT2C	CCTxGGT	62478303	SYNONYMOUS_CODING	CODING	ccC/ccT	P871	4911	KEEP	ON
chr2	1652186	G	A	182	4	2.15	262	8	2.96	1.37674418605	PXDN	CCCxAAC	NA	SYNONYMOUS_CODING	CODING	ttC/ttT	F1122	1479	KEEP	ON
chr19	5262940	G	A	77	3	3.75	113	6	0.0504	0.01344	PTPRS	GGCxTTA	370473530	INTRON	CODING			1501	KEEP	ON
chr6	44221316	G	A	159	8	4.79	144	9	5.88	1.22755741127	NFKBIE	CTCxCAT	76772157	DOWNSTREAM	CODING	4587		500	KEEP	ON
chr19	19257446	G	A	74	3	3.9	83	4	0.046	0.0117948717949	MEF2BNB-MEF2B	ACTxTAG	NA	EXON	CODING				KEEP	ON
chr9	80537223	T	G	485	12	2.41	521	14	2.62	1.08713692946	GNAQ	TCAxCTG	NA	NON_SYNONYMOUS_CODING	CODING	Atg/Ctg	M59L	359	KEEP	ON
chr7	151970714	C	A	778	32	3.95	609	21	3.33	0.843037974684	KMT2C	ACTxAGG	374951494	INTRON	CODING			4911	KEEP	ON
chr9	80537095	G	T	320	16	4.76	341	12	3.4	0.714285714286	GNAQ	CTTxTAT	200106152	STOP_GAINED	CODING	taC/taA	Y101*	359	KEEP	ON
chr10	88684021	G	A	274	14	4.86	242	8	3.2	0.658436213992	BMPR1A	GCCxGGA	12773754	UTR_3_PRIME	CODING	545		532	KEEP	ON
chr14	19468734	T	G	13	0	0.0	10	8	44.44	100.0		AGGxGCC	61969319	INTERGENIC					KEEP	OFF
chr7	61969232	C	T	188	0	0.0	161	7	4.17	100.0		CTTxAAC	4365974	INTERGENIC					KEEP	OFF
chr7	150647569	T	C	10	0	0.0	0	6	100.0	100.0	KCNH2	CTCxACT	4725983	INTRON	CODING			1159	KEEP	OFF
chrUn_gl000220	140964	C	T	8	0	0.0	11	6	35.29	100.0		ATGxCAT	NA	INTERGENIC					KEEP	OFF
chr7	65970236	C	T	99	0	0.0	131	5	3.68	100.0		GTAxGTG	NA	INTERGENIC					KEEP	OFF
chr1	145272956	C	A	9	0	0.0	17	4	19.05	100.0	NOTCH2NL	GACxATA	139976190	INTRON	CODING			236	KEEP	OFF
chr2	75108766	G	A	51	0	0.0	72	4	5.26	100.0	HK2	ATCxTTT	NA	INTRON	CODING			917	KEEP	OFF
chr4	1806360	G	A	37	0	0.0	39	4	9.3	100.0	FGFR3	CGGxCTC	NA	INTRON	CODING			694	KEEP	OFF
chr7	101844526	G	A	58	0	0.0	85	4	4.49	100.0	CUX1	ACAxTGT	NA	INTRON	CODING			1505	KEEP	OFF
chr16	46390658	A	T	11	0	0.0	5	4	44.44	100.0		TTCxACA	4482317	INTERGENIC					KEEP	OFF
chr19	11123541	G	A	64	0	0.0	64	4	5.88	100.0	SMARCA4	GGCxGTG	NA	INTRON	CODING			1613	KEEP	OFF
chrX	74803823	C	T	67	0	0.0	71	4	5.33	100.0		CCAxAGG	NA	INTERGENIC					KEEP	OFF
chrUn_gl000220	121034	C	T	8	0	0.0	2	4	0.6667	100.0	RNA45S5	TCCxTCC	NA	DOWNSTREAM	NON_CODING	2254			KEEP	OFF
chr8	128428890	G	A	34	0	0.0	37	3	7.5	100.0	POU5F1B	TCAxCCA	NA	NON_SYNONYMOUS_CODING	CODING	aGc/aAc	S260N	359	KEEP	OFF
chr12	132497832	G	T	26	0	0.0	24	3	11.11	100.0	EP400	AGAxAAT	NA	INTRON	CODING			3123	KEEP	OFF
chr16	46387503	G	A	20	0	0.0	23	3	11.54	100.0		TTCxATG	28805058	INTERGENIC					KEEP	OFF
chr17	41321558	G	A	45	0	0.0	35	3	7.89	100.0	LOC101929767	CTCxGAC	NA	INTRON	NON_CODING				KEEP	OFF
chrM	4154	G	A	17	0	0.0	4	3	42.86	100.0		TACxACC	NA	INTERGENIC					KEEP	OFF
chrUn_gl000220	132068	C	G	22	0	0.0	32	3	0.0857	100.0		TCTxTGT	NA	INTERGENIC					KEEP	OFF
chr1	149307456	G	C	8	0	0.0	10	2	16.67	100.0		GCTxCAG	NA	INTERGENIC					KEEP	OFF
chr3	62109407	C	T	11	0	0.0	7	2	22.22	100.0	PTPRG	TTTxACT	NA	INTRON	CODING			1445	KEEP	OFF
chr9	112200271	C	T	13	0	0.0	3	2	40.0	100.0	PTPN3	AAAxCCC	NA	INTRON	CODING			737	KEEP	OFF
chr9_gl000199_random	84724	A	G	12	0	0.0	5	2	28.57	100.0		CATxGGC	NA	INTERGENIC					KEEP	OFF
chr15	84506741	G	A	9	0	0.0	4	2	33.33	100.0	ADAMTSL3	ACTxTAA	NA	INTRON	CODING			1691	KEEP	OFF
chr19	9004665	G	A	10	0	0.0	5	2	28.57	100.0	MUC16	GATxTAT	NA	INTRON	CODING			14507	KEEP	OFF
chrY	58862738	C	T	18	0	0.0	9	2	0.1818	100.0		ATTxCAC	NA	INTERGENIC					KEEP	OFF
chrUn_gl000220	127093	C	T	14	0	0.0	6	2	25.0	100.0	LOC100507412	TCTxTCT	NA	DOWNSTREAM	NON_CODING	397			KEEP	OFF
chrUn_gl000225	73992	C	G	12	0	0.0	1	2	0.6667	100.0		GAGxTCC	NA	INTERGENIC					KEEP	OFF
chr19	27733201	A	G	94	3	3.09	4	3	0.4286	0.138705501618		TTGxGGC	149646380	INTERGENIC					KEEP	OFF
chrUn_gl000225	133807	G	T	24	1	4.0	2	2	0.5	0.125		CAGxGGC	NA	INTERGENIC					KEEP	OFF
chrUn_gl000228	118365	C	A	24	1	4.0	3	2	40.0	10.0	DUX4L	AGAxAAG	NA	DOWNSTREAM	NON_CODING	3689			KEEP	OFF
chr10	42387817	T	A	40	2	4.76	3	2	40.0	8.40336134454		TCAxCGA	142376115	INTERGENIC					KEEP	OFF
chr6	134498720	C	A	102	1	0.97	47	4	7.84	8.0824742268	SGK1	CACxCCA	NA	INTRON	CODING			459	KEEP	OFF
chrY	13453173	C	G	41	2	4.65	7	4	0.3636	0.0781935483871		ATTxCAT	NA	INTERGENIC					KEEP	OFF
chr10	42599934	C	G	131	3	2.24	16	3	15.79	7.04910714286		ACTxGAA	138794555	INTERGENIC					KEEP	OFF
chrY	14106400	C	T	178	1	0.56	179	6	3.24	5.78571428571		GGAxTGT	NA	INTERGENIC					KEEP	OFF
chr18	53254419	G	A	112	1	0.88	94	4	0.0408	0.0463636363636	TCF4	GGAxAAA	NA	INTRON	CODING			647	KEEP	OFF
chrUn_gl000226	7000	G	A	67	2	2.9	49	6	10.91	3.76206896552		TCCxTTT	NA	INTERGENIC					KEEP	OFF
chr13	32973226	C	T	14	1	6.67	6	2	25.0	3.74812593703	N4BP2L1	AGGxCAG	NA	DOWNSTREAM	CODING	1634		173	KEEP	OFF
chr2	225368609	C	T	33	1	2.94	25	3	10.71	3.64285714286	CUL3	TTAxAGC	NA	INTRON	CODING			702	KEEP	OFF
chr16	46407778	A	G	33	1	2.94	25	3	10.71	3.64285714286		TTGxTGA	145634461	INTERGENIC					KEEP	OFF
chr16	46405048	T	G	22	1	4.35	16	3	15.79	3.62988505747		ATTxGAT	2128458	INTERGENIC					KEEP	OFF
chr7	61970351	G	T	155	2	1.27	128	6	4.48	3.52755905512		TTCxTTG	4311554	INTERGENIC					KEEP	OFF
chr16	46403717	A	T	82	2	2.38	56	5	8.2	3.44537815126		TCCxTTC	6422043	INTERGENIC					KEEP	OFF
chr16	50816454	C	T	40	1	2.44	47	4	7.84	3.2131147541	CYLD	GTGxGTG	NA	INTRON	CODING			953	KEEP	OFF
chr17	58289507	T	C	20	1	4.76	17	3	15.0	3.1512605042	USP32	TTAxACC	187303521	INTRON	CODING			1604	KEEP	OFF
chr4	88814402	G	A	53	1	1.85	66	4	5.71	3.08648648649		GTCxTAG	NA	INTERGENIC					KEEP	OFF
chr16	46391376	A	G	43	2	4.44	26	4	13.33	3.00225225225		TTCxTTC	4966715	INTERGENIC					KEEP	OFF
chr16	33365525	G	A	137	3	2.14	123	8	6.11	2.85514018692		GGCxCTT	NA	INTERGENIC					KEEP	OFF
chr3	9106013	G	A	29	1	3.33	34	3	8.11	2.43543543544	SRGAP3	TCCxCCA	NA	INTRON	CODING			1075	KEEP	OFF
chr10	42392754	A	C	139	4	2.8	69	5	6.76	2.41428571429		TCGxATG	142326516	INTERGENIC					KEEP	OFF
chr10	42385595	T	C	186	4	2.11	98	5	4.85	2.29857819905		AAAxGGA	9665576	INTERGENIC					KEEP	OFF
chr2	92186799	G	A	116	3	2.52	82	5	5.75	2.28174603175		GAAxGGG	NA	INTERGENIC					KEEP	OFF
chr1	121484146	A	T	358	16	4.28	158	15	8.67	2.02570093458		TTGxAAC	9988652	INTERGENIC					KEEP	OFF
chr10	42392678	G	A	134	6	4.29	90	5	5.26	1.22610722611		ATCxAAT	143302300	INTERGENIC					KEEP	OFF
chr7	61969291	T	C	161	6	3.59	141	6	4.08	1.1364902507		TTAxGTC	9654817	INTERGENIC					KEEP	OFF

