chr	pos	ref	alt	normal_ref_count	normal_alt_count	pct_normal_alt	tumor_ref_count	tumor_alt_count	pct_tumor_alt	tn_pct_alt_ratio	gene	context	dbsnp_id	effect	coding	codon_change	amino_acid_change	amino_acid_length	mutect_call	on/off-target
chr12	25398284	C	T	730	0	0.0	701	104	12.92	100.0	KRAS	CCAxCAG	121913529	NON_SYNONYMOUS_CODING	CODING	gGt/gAt	G12D	188	KEEP	ON
chr1	27089648	T	G	713	0	0.0	611	83	11.96	100.0	ARID1A	TTAxGGC	NA	STOP_GAINED	CODING	taT/taG	Y868*	2068	KEEP	ON
chr15	84592745	G	C	555	0	0.0	396	61	13.35	100.0	ADAMTSL3	CCAxCCA	NA	NON_SYNONYMOUS_CODING	CODING	Gcc/Ccc	A693P	1691	KEEP	ON
chr9	80333623	C	T	114	0	0.0	236	60	20.27	100.0	GNAQ	GGCxTTC	NA	UTR_3_PRIME	CODING	2616		359	KEEP	ON
chr13	110407049	C	T	217	0	0.0	335	41	10.9	100.0	IRS2	GCAxGGA	NA	UTR_3_PRIME	CODING	1602		1338	KEEP	ON
chr21	36161946	C	G	290	0	0.0	334	41	10.93	100.0	LOC100506385	CGCxAAA	NA	DOWNSTREAM	NON_CODING	4778			KEEP	ON
chr8	77777810	C	A	190	0	0.0	294	33	10.09	100.0	ZFHX4	AACxCAA	NA	UTR_3_PRIME	CODING	1009		3616	KEEP	ON
chr17	66528205	A	G	116	0	0.0	201	33	14.1	100.0	FAM20A	TATxAAT	NA	DOWNSTREAM	CODING	3052		403	KEEP	ON
chr3	89529355	A	T	130	0	0.0	212	27	11.3	100.0	EPHA3	GTTxCAG	NA	UTR_3_PRIME	CODING	703		983	KEEP	ON
chr10	101553261	C	T	165	0	0.0	181	23	11.27	100.0	ABCC2	CCTxGGT	NA	INTRON	CODING			1545	KEEP	ON
chr13	41949790	G	A	108	0	0.0	131	16	10.88	100.0	NAA16	AGGxTTT	NA	UTR_3_PRIME	CODING	52		864	KEEP	ON
chr22	36690120	T	C	11	0	0.0	4	8	66.67	100.0	MYH9	GGGxCCT	56020676	INTRON	CODING			1960	KEEP	ON
chrX	132670392	C	T	75	0	0.0	103	6	5.5	100.0	GPC3	GCTxGAG	NA	INTRON	CODING			526	KEEP	ON
chr17	48273583	C	T	108	0	0.0	112	5	4.27	100.0	COL1A1	CCCxGTT	200564850	INTRON	CODING			1464	KEEP	ON
chrX	48888100	G	A	115	0	0.0	104	5	4.59	100.0	TFE3	CCTxCAG	NA	STOP_GAINED	CODING	Cag/Tag	Q328*	470	KEEP	ON
chr1	18958122	C	T	102	0	0.0	58	4	6.45	100.0	PAX7	GTAxCGA	NA	NON_SYNONYMOUS_CODING	CODING	Ccg/Tcg	P9S	505	KEEP	ON
chr6	74072777	G	A	66	0	0.0	44	4	8.33	100.0	KHDC3L	CCGxGAG	NA	INTRON	CODING			217	KEEP	ON
chr19	50902150	C	A	63	0	0.0	44	4	8.33	100.0	POLD1	GCCxCCA	NA	EXON	CODING				KEEP	ON
chrX	148078649	C	T	42	0	0.0	90	4	4.26	100.0	AFF2	TTAxTGT	NA	UTR_3_PRIME	CODING	5787		1272	KEEP	ON
chr12	113532682	G	A	70	0	0.0	36	3	7.69	100.0	RASAL1	TGGxCCG	NA	DOWNSTREAM	CODING	3942		776	KEEP	ON
chr12	121439890	G	A	63	0	0.0	44	3	6.38	100.0	C12orf43	TGGxGCA	NA	DOWNSTREAM	CODING	335		221	KEEP	ON
chr19	2211153	G	A	31	0	0.0	13	3	18.75	100.0	DOT1L	GCGxCAC	NA	SYNONYMOUS_CODING	CODING	cgG/cgA	R469	1537	KEEP	ON
chr19	15302504	C	T	49	0	0.0	24	3	11.11	100.0	NOTCH3	TGGxGCA	NA	INTRON	CODING			2321	KEEP	ON
chr19	41725233	G	A	10	0	0.0	7	3	30.0	100.0	AXL	GGGxACA	NA	UTR_5_PRIME	CODING	65		885	KEEP	ON
chr19	55881648	C	T	42	0	0.0	40	3	6.98	100.0	IL11	CTCxACC	NA	INTRON	CODING			120	KEEP	ON
chr1	3342337	G	T	8	0	0.0	6	2	25.0	100.0	PRDM16	GCAxCCC	NA	INTRON	CODING			1257	KEEP	ON
chr1	38219919	G	A	11	0	0.0	9	2	18.18	100.0	EPHA10	GGTxAGC	NA	NON_SYNONYMOUS_CODING	CODING	tCa/tTa	S325L	1008	KEEP	ON
chr16	347994	C	T	17	0	0.0	6	2	25.0	100.0	AXIN1	TGCxACT	NA	SYNONYMOUS_CODING	CODING	gtG/gtA	V504	826	KEEP	ON
chr16	11348863	G	A	12	0	0.0	8	2	20.0	100.0	SOCS1	CGCxGCG	NA	NON_SYNONYMOUS_CODING	CODING	cCg/cTg	P158L	211	KEEP	ON
chr17	7576852	C	T	724	1	0.14	541	105	16.25	116.071428571	TP53	GTAxCTG	NA	INTRON	CODING			182	KEEP	ON
chr19	36211486	C	A	563	1	0.18	244	43	14.98	83.2222222222	ZBTB32	TCAxCTC	NA	DOWNSTREAM	CODING	3546		487	KEEP	ON
chr3	77612457	T	C	774	1	0.13	708	86	10.83	83.3076923077	ROBO2	AAGxGCA	NA	EXON	CODING				KEEP	ON
chrX	151870359	C	A	234	1	0.43	77	34	30.63	71.2325581395	MAGEA6	GGCxCAT	NA	UTR_3_PRIME	CODING	104		314	KEEP	ON
chr11	113295287	C	T	410	1	0.24	200	32	13.79	57.4583333333	DRD2	GTCxGCC	199524272	SYNONYMOUS_CODING	CODING	gcG/gcA	A29	414	KEEP	ON
chr11	35344141	C	G	506	1	0.2	403	48	10.64	53.2	SLC1A2	CCTxCCT	NA	INTRON	CODING			565	KEEP	ON
chr5	90103455	G	C	307	1	0.32	187	37	16.52	51.625	GPR98	AAGxAGT	NA	EXON	CODING				KEEP	ON
chr15	84611716	C	T	372	1	0.27	251	39	13.45	49.8148148148	ADAMTSL3	TAAxGGA	144077662	NON_SYNONYMOUS_CODING	CODING	aCg/aTg	T791M	1691	KEEP	ON
chr19	9025026	A	T	406	2	0.49	239	45	15.85	32.3469387755	MUC16	CACxATG	NA	INTRON	CODING			14507	KEEP	ON
chr1	119964708	C	A	347	2	0.57	292	39	11.78	20.6666666667	HSD3B2	GCCxATT	NA	NON_SYNONYMOUS_CODING	CODING	cCa/cAa	P195Q	372	KEEP	ON
chr9	102595707	T	A	502	1	0.2	577	23	3.83	19.15	NR4A3	GACxCAA	NA	NON_SYNONYMOUS_CODING	CODING	Tca/Aca	S409T	443	KEEP	ON
chr7	138522818	C	A	159	1	0.62	115	15	11.54	18.6129032258	KIAA1549	TCCxGGA	NA	NON_SYNONYMOUS_CODING	CODING	Ggg/Tgg	G1880W	1934	KEEP	ON
chr19	51919901	C	A	335	4	1.18	159	32	16.75	14.1949152542	SIGLEC10	CACxCTC	NA	INTRON	CODING			454	KEEP	ON
chr2	77746515	G	A	494	5	1.0	441	63	12.5	12.5	LRRTM4	AATxATG	NA	SYNONYMOUS_CODING	CODING	atC/atT	I160	518	KEEP	ON
chr1	179520360	G	A	368	5	1.34	276	45	14.02	10.4626865672	AXDND1	TTGxAAG	NA	INTRON	CODING			1012	KEEP	ON
chr7	106509318	G	A	769	9	1.16	690	87	11.2	9.65517241379	PIK3CG	AAAxCTC	NA	NON_SYNONYMOUS_CODING	CODING	Gct/Act	A438T	1102	KEEP	ON
chr9	139393737	G	A	230	1	0.43	157	6	3.68	8.55813953488	NOTCH1	GGCxGGT	NA	INTRON	CODING			2555	KEEP	ON
chr6	154763198	G	A	220	1	0.45	151	6	3.82	8.48888888889	CNKSR3	GCAxTAA	NA	INTRON	CODING			555	KEEP	ON
chr1	23241300	G	A	183	1	0.54	143	6	4.03	7.46296296296	EPHB2	GGTxTGG	NA	UTR_3_PRIME	CODING	1237		986	KEEP	ON
chr1	156882299	G	A	206	1	0.48	162	6	3.57	7.4375	PEAR1	GGGxACA	NA	SYNONYMOUS_CODING	CODING	ggG/ggA	G698	1037	KEEP	ON
chr8	42146226	G	A	169	1	0.59	151	6	3.82	6.47457627119	IKBKB	CCTxGAG	NA	EXON	CODING				KEEP	ON
chr1	152284791	G	T	746	6	0.8	611	33	5.12	6.4	FLG	CTCxTGG	NA	NON_SYNONYMOUS_CODING	CODING	caC/caA	H857Q	4061	KEEP	ON
chr7	50436402	G	A	184	1	0.54	174	6	3.33	6.16666666667	IKZF1	TGGxTAA	NA	INTRON	CODING			249	KEEP	ON
chr22	38379520	G	A	30	1	3.23	14	3	17.65	5.46439628483	SOX10	ACGxGCA	NA	NON_SYNONYMOUS_CODING	CODING	cCc/cTc	P91L	466	KEEP	ON
chr22	17672756	C	T	80	1	1.23	45	3	6.25	5.08130081301	CECR1	CCCxTTC	NA	INTRON	CODING			270	KEEP	ON
chr22	38373971	G	A	75	1	1.32	57	4	6.56	4.9696969697	SOX10	GGCxGTC	143057951	SYNONYMOUS_CODING	CODING	acC/acT	T200	466	KEEP	ON
chr17	5418197	G	A	354	2	0.56	287	8	2.71	4.83928571429	NLRP1	CTGxCTC	NA	INTRON	CODING			1375	KEEP	ON
chr15	41805095	G	A	66	1	1.49	39	3	7.14	4.79194630872	RPAP1	GAGxCAA	NA	DOWNSTREAM	CODING	4280		1393	KEEP	ON
chr20	39788777	C	T	272	2	0.73	189	6	3.08	4.21917808219	PLCG1	GATxGGA	NA	NON_SYNONYMOUS_CODING	CODING	Cgg/Tgg	R166W	1290	KEEP	ON
chr1	119965138	G	A	451	3	0.66	392	11	2.73	4.13636363636	HSD3B2	GGCxTAT	116342586	SYNONYMOUS_CODING	CODING	gcG/gcA	A338	372	KEEP	ON
chr9	136913174	G	A	48	1	2.04	33	3	8.33	4.08333333333	BRD3	TGGxCAG	NA	INTRON	CODING			726	KEEP	ON
chr1	226566902	G	A	436	3	0.68	362	10	2.69	3.95588235294	PARP1	AACxATG	NA	SYNONYMOUS_CODING	CODING	atC/atT	I562	1014	KEEP	ON
chr19	9002079	G	A	221	2	0.9	169	6	3.43	3.81111111111	MUC16	GGGxCAT	NA	INTRON	CODING			14507	KEEP	ON
chr17	9872965	G	A	331	3	0.9	219	7	3.1	3.44444444444	GAS7	ACCxCTA	373685307	INTRON	CODING			412	KEEP	ON
chr1	228459857	C	T	52	1	1.89	44	3	6.38	3.37566137566	OBSCN	AGGxGGA	NA	INTRON	CODING			6620	KEEP	ON
chrX	129149821	G	A	345	3	0.86	238	7	2.86	3.32558139535	BCORL1	GACxTGG	NA	NON_SYNONYMOUS_CODING	CODING	Gtg/Atg	V1025M	1711	KEEP	ON
chr9	130580576	G	A	134	2	1.47	85	4	4.49	3.05442176871	FPGS	CACxGTG	NA	DOWNSTREAM	CODING	4216		537	KEEP	ON
chr6	151672226	G	A	175	2	1.13	143	5	3.38	2.99115044248	AKAP12	GACxAGG	NA	SYNONYMOUS_CODING	CODING	acG/acA	T802	1684	KEEP	ON
chr8	104709377	G	A	417	4	0.95	385	11	2.78	2.92631578947	RIMS2	ACAxCAA	NA	SYNONYMOUS_CODING	CODING	caG/caA	Q80	1349	KEEP	ON
chr7	138601684	G	A	133	2	1.48	111	5	4.31	2.91216216216	KIAA1549	GTCxAGG	144765229	SYNONYMOUS_CODING	CODING	ctC/ctT	L896	1934	KEEP	ON
chr20	39791868	C	T	208	3	1.42	134	5	3.6	2.53521126761	PLCG1	TGCxGAG	NA	STOP_GAINED	CODING	Cga/Tga	R248*	1290	KEEP	ON
chr19	42778130	G	A	179	3	1.65	120	5	4.0	2.42424242424		GGGxTGG	NA	INTERGENIC					KEEP	ON
chr15	74325692	G	A	98	2	2.0	90	4	4.26	2.13	PML	CCCxTCA	146047180	INTRON	CODING			423	KEEP	ON
chr5	1294088	C	T	118	5	4.07	59	4	6.35	1.5601965602	TERT	CCGxGTG	NA	NON_SYNONYMOUS_CODING	CODING	Gcg/Acg	A305T	1069	KEEP	ON
chr17	5037195	G	A	176	7	3.83	89	5	5.32	1.38903394256	USP6	AGAxGGG	74900103	NON_SYNONYMOUS_CODING	CODING	aGg/aAg	R133K	1406	KEEP	ON
chr7	151971015	G	A	655	16	2.38	708	19	2.61	1.09663865546	KMT2C	TAAxCTG	111585502	INTRON	CODING			4911	KEEP	ON
chr7	151970982	T	C	769	29	3.63	710	21	2.87	0.790633608815	KMT2C	CTTxATA	NA	INTRON	CODING			4911	KEEP	ON
chr5	140720861	T	C	438	19	4.16	338	11	3.15	0.757211538462	PCDHGA1	AACxATG	NA	INTRON	CODING			931	KEEP	ON
chr7	151970835	T	C	890	41	4.4	802	22	2.67	0.606818181818	KMT2C	AGAxGTG	140432418	NON_SYNONYMOUS_CODING	CODING	Atc/Gtc	I323V	4911	KEEP	ON
chr1	98206081	A	G	71	0	0.0	143	26	15.38	100.0	DPYD	GAGxTAA	NA	INTRON	CODING			1025	KEEP	OFF
chr10	33233828	C	A	178	0	0.0	150	24	13.79	100.0	ITGB1	AGAxTAA	NA	INTRON	CODING			798	KEEP	OFF
chr12	132605071	C	G	172	0	0.0	88	18	16.98	100.0	EP400NL	GGAxTAT	NA	EXON	NON_CODING				KEEP	OFF
chr8	54882891	G	T	44	0	0.0	104	16	13.33	100.0	TCEA1	AAAxACC	NA	INTRON	CODING			280	KEEP	OFF
chr1	120016097	T	C	155	0	0.0	99	13	11.61	100.0		AGCxATG	NA	INTERGENIC					KEEP	OFF
chr2	126580901	C	T	54	0	0.0	38	11	22.45	100.0		GTCxTAT	NA	INTERGENIC					KEEP	OFF
chr3	188242701	T	G	23	0	0.0	43	9	17.31	100.0	LPP	TCCxTCC	138209867	INTRON	CODING			465	KEEP	OFF
chr3	188242705	T	G	19	0	0.0	37	8	17.78	100.0	LPP	TCCxTCC	144299808	INTRON	CODING			465	KEEP	OFF
chr21	11058545	T	C	27	0	0.0	44	8	15.38	100.0	BAGE2	GAAxTTC	4913693	INTRON	CODING			109	KEEP	OFF
chr11	92507491	T	G	26	0	0.0	35	5	12.5	100.0	FAT3	AAGxGAG	NA	INTRON	CODING			4557	KEEP	OFF
chr16	46391918	G	T	102	0	0.0	67	5	6.94	100.0		TCCxTTC	4381759	INTERGENIC					KEEP	OFF
chr1	8927409	C	T	83	0	0.0	96	4	4.0	100.0	ENO1	CTCxCCC	NA	INTRON	CODING			341	KEEP	OFF
chr10	89624485	A	T	60	0	0.0	89	4	4.3	100.0	PTEN	TAGxCGG	NA	INTRON	CODING			403	KEEP	OFF
chr12	56744064	C	T	90	0	0.0	93	4	4.12	100.0	STAT2	TTTxAGA	NA	INTRON	CODING			847	KEEP	OFF
chr13	111896477	G	A	30	0	0.0	84	4	4.55	100.0	ARHGEF7	TTGxGAT	NA	INTRON	CODING			646	KEEP	OFF
chr14	52622710	G	A	89	0	0.0	73	4	5.19	100.0		CACxGGC	NA	INTERGENIC					KEEP	OFF
chr17	36877200	C	T	95	0	0.0	77	4	4.94	100.0	MIR4726	GAGxAAA	NA	DOWNSTREAM	NON_CODING	1199			KEEP	OFF
chrX	151900242	C	T	138	0	0.0	80	4	4.76	100.0	CSAG4	CATxGTA	201532457	INTRON	NON_CODING				KEEP	OFF
chr1	199416669	C	G	26	0	0.0	17	3	15.0	100.0		GATxTCA	NA	INTERGENIC					KEEP	OFF
chr2	204638164	C	T	29	0	0.0	38	3	7.32	100.0		TCAxAAC	NA	INTERGENIC					KEEP	OFF
chr2	238643814	G	A	52	0	0.0	43	3	6.52	100.0	LRRFIP1	CTGxCAC	NA	INTRON	CODING			394	KEEP	OFF
chr4	49147624	A	G	53	0	0.0	3	3	50.0	100.0		TCCxTTC	376799176	INTERGENIC					KEEP	OFF
chr7	151945881	G	A	14	0	0.0	22	3	12.0	100.0	KMT2C	TCAxCCA	NA	INTRON	CODING			4911	KEEP	OFF
chr10	89690625	G	A	9	0	0.0	14	3	17.65	100.0	PTEN	TGGxGGT	NA	INTRON	CODING			403	KEEP	OFF
chr10	93976149	G	A	60	0	0.0	40	3	6.98	100.0	CPEB3	GGGxAGC	NA	INTRON	CODING			684	KEEP	OFF
chr16	46426319	A	G	17	0	0.0	3	3	50.0	100.0		ACGxATC	NA	INTERGENIC					KEEP	OFF
chr17	62019144	C	A	67	0	0.0	30	3	9.09	100.0	SCN4A	TGCxGAA	NA	NON_SYNONYMOUS_CODING	CODING	Ggc/Tgc	G1500C	1836	KEEP	OFF
chr18	14156493	C	T	28	0	0.0	45	3	6.25	100.0		ATAxGTA	NA	INTERGENIC					KEEP	OFF
chr21	11049143	C	T	10	0	0.0	9	3	25.0	100.0	BAGE2	AAGxTAC	4913684	INTRON	CODING			109	KEEP	OFF
chrX	61709795	T	G	8	0	0.0	2	3	60.0	100.0		TTTxCCA	201380319	INTERGENIC					KEEP	OFF
chrY	58827439	C	T	87	0	0.0	33	3	8.33	100.0		TTTxGTT	NA	INTERGENIC					KEEP	OFF
chrUn_gl000220	140964	C	T	32	0	0.0	21	3	12.5	100.0		ATGxCAT	NA	INTERGENIC					KEEP	OFF
chrUn_gl000226	9752	C	G	9	0	0.0	8	3	27.27	100.0		GCAxTCT	NA	INTERGENIC					KEEP	OFF
chr2	234655895	G	T	19	0	0.0	8	2	20.0	100.0	UGT1A6	GCTxGCC	NA	INTRON	CODING			265	KEEP	OFF
chr4	49110731	T	A	35	0	0.0	4	2	33.33	100.0		CCAxTTC	NA	INTERGENIC					KEEP	OFF
chr4	184302274	C	T	17	0	0.0	8	2	20.0	100.0		CAAxGTG	376724941	INTERGENIC					KEEP	OFF
chr5	140553908	C	T	8	0	0.0	3	2	40.0	100.0	PCDHB7	CACxTGC	NA	SYNONYMOUS_CODING	CODING	Ctg/Ttg	L498	793	KEEP	OFF
chr7	45856123	T	C	10	0	0.0	4	2	33.33	100.0		GGCxCCC	NA	INTERGENIC					KEEP	OFF
chr8	46846848	T	C	24	0	0.0	5	2	28.57	100.0		TTGxAGT	NA	INTERGENIC					KEEP	OFF
chr10	5014684	G	A	8	0	0.0	5	2	28.57	100.0	AKR1C1	CCGxTGC	NA	INTRON	CODING			323	KEEP	OFF
chr10	104310058	G	A	12	0	0.0	10	2	16.67	100.0	SUFU	GGGxTAC	NA	INTRON	CODING			433	KEEP	OFF
chr11	73210031	G	A	18	0	0.0	10	2	16.67	100.0	FAM168A	AGCxGAA	112354771	INTRON	CODING			129	KEEP	OFF
chr11	114454583	G	A	15	0	0.0	8	2	20.0	100.0	NXPE4	AGAxTAC	NA	INTRON	CODING			260	KEEP	OFF
chr14	51598606	C	T	22	0	0.0	11	2	15.38	100.0		ATAxAGG	NA	INTERGENIC					KEEP	OFF
chr16	46389303	A	T	24	0	0.0	5	2	28.57	100.0		TTCxTTC	28847650	INTERGENIC					KEEP	OFF
chrX	3359679	G	T	21	0	0.0	9	2	18.18	100.0		AACxCGG	NA	INTERGENIC					KEEP	OFF
chrX	48211496	C	A	10	0	0.0	3	2	40.0	100.0	SSX3	GGAxAAA	NA	INTRON	CODING			188	KEEP	OFF
chrX	61685239	T	A	9	0	0.0	7	2	22.22	100.0		AGTxTCT	NA	INTERGENIC					KEEP	OFF
chrUn_gl000214	119502	G	C	9	0	0.0	0	2	100.0	100.0		TGGxGTT	NA	INTERGENIC					KEEP	OFF
chr4	49109741	C	A	49	1	2.0	0	2	100.0	50.0		TTGxATT	NA	INTERGENIC					KEEP	OFF
chrUn_gl000225	117773	T	G	93	2	2.11	3	2	40.0	18.9573459716		CACxGAT	NA	INTERGENIC					KEEP	OFF
chr18	108465	G	A	166	2	1.19	7	2	22.22	18.6722689076	MIR8078	AGGxTGC	NA	DOWNSTREAM	NON_CODING	3791			KEEP	OFF
chr4	49652586	A	C	69	2	2.82	6	3	33.33	11.8191489362		TCAxCAC	NA	INTERGENIC					KEEP	OFF
chrUn_gl000216	163567	T	C	221	4	1.78	12	3	20.0	11.2359550562		CTCxGGC	NA	INTERGENIC					KEEP	OFF
chr1	120428993	A	T	173	1	0.57	164	11	6.29	11.0350877193		GTGxCAC	NA	INTERGENIC					KEEP	OFF
chr5	140595906	G	T	88	1	1.12	68	8	10.53	9.40178571429	PCDHB12	TGTxGAC	NA	DOWNSTREAM	CODING	4208		795	KEEP	OFF
chrY	58905247	T	C	44	1	2.22	8	2	20.0	9.00900900901		TACxATC	NA	INTERGENIC					KEEP	OFF
chr22	22976037	C	T	154	1	0.65	67	4	5.63	8.66153846154	POM121L1P	CATxGCA	NA	EXON	NON_CODING				KEEP	OFF
chrUn_gl000214	118478	G	A	27	1	3.57	5	2	28.57	8.00280112045		GGCxTGG	NA	INTERGENIC					KEEP	OFF
chr1	228474408	C	T	34	1	2.86	17	5	22.73	7.94755244755	OBSCN	CCCxGTT	NA	INTRON	CODING			6620	KEEP	OFF
chr7	62517701	C	T	40	1	2.44	14	3	17.65	7.23360655738		GCAxAGT	77203863	INTERGENIC					KEEP	OFF
chr21	10820055	G	A	31	1	3.12	7	2	22.22	7.12179487179		AATxGAA	199612543	INTERGENIC					KEEP	OFF
chr11	90016103	C	T	175	1	0.57	96	4	4.0	7.01754385965	DISC1FP1	TCAxAGG	NA	INTRON	NON_CODING				KEEP	OFF
chr10	42393745	T	A	329	10	2.95	20	5	20.0	6.77966101695		GATxGAA	NA	INTERGENIC					KEEP	OFF
chr6	58777555	T	G	77	1	1.28	43	4	8.51	6.6484375		TATxTGG	4321850	INTERGENIC					KEEP	OFF
chrUn_gl000220	120709	C	G	22	1	4.35	11	4	26.67	6.13103448276	RNA45S5	CTGxGCT	NA	DOWNSTREAM	NON_CODING	1929			KEEP	OFF
chr10	42391045	C	T	93	4	4.12	6	2	25.0	6.06796116505		AATxGAA	74193455	INTERGENIC					KEEP	OFF
chrUn_gl000220	120491	A	C	23	1	4.17	9	3	25.0	5.99520383693	RNA45S5	CACxCCC	NA	DOWNSTREAM	NON_CODING	1711			KEEP	OFF
chr6	117715941	C	A	150	1	0.66	170	6	3.41	5.16666666667	ROS1	AACxACA	NA	INTRON	CODING			2347	KEEP	OFF
chr16	46407453	C	G	44	1	2.22	32	4	11.11	5.0045045045		ATTxCAT	4967196	INTERGENIC					KEEP	OFF
chr21	11038477	T	G	19	1	5.0	9	3	25.0	5.0	BAGE2	CTAxTAT	10433070	INTRON	CODING			109	KEEP	OFF
chr7	61968118	T	C	45	1	2.17	26	3	10.34	4.76497695853		ATAxATG	7384762	INTERGENIC					KEEP	OFF
chr1	145538119	G	A	132	1	0.75	137	5	3.52	4.69333333333	ITGA10	ACTxGAG	NA	INTRON	CODING			1167	KEEP	OFF
chr21	11039600	C	T	29	1	3.33	35	6	14.63	4.39339339339	BAGE2	ACAxAAG	9631224	INTRON	CODING			109	KEEP	OFF
chr2	220115281	G	A	73	1	1.35	64	4	5.88	4.35555555556	STK16	CGTxTTG	NA	DOWNSTREAM	CODING	222		305	KEEP	OFF
chr11	69624698	G	A	60	1	1.64	40	3	6.98	4.25609756098	FGF3	AGCxCTC	NA	DOWNSTREAM	CODING	38		239	KEEP	OFF
chr2	92325169	A	G	210	3	1.41	73	4	5.19	3.68085106383		TCAxTTG	58998476	INTERGENIC					KEEP	OFF
chr16	46391488	G	A	123	2	1.6	69	4	5.48	3.425		AACxATG	4322693	INTERGENIC					KEEP	OFF
chr10	42393771	T	A	542	24	4.24	48	8	14.29	3.37028301887		GAAxGGA	74212513	INTERGENIC					KEEP	OFF
chr16	46405098	G	A	59	2	3.28	33	4	10.81	3.29573170732		TTCxATG	4967135	INTERGENIC					KEEP	OFF
chr8	43822460	A	C	61	3	4.69	28	5	15.15	3.2302771855		ATTxTAT	NA	INTERGENIC					KEEP	OFF
chrUn_gl000220	125517	A	G	23	1	4.17	13	2	13.33	3.19664268585	LOC100507412	ACAxTCT	NA	INTRON	NON_CODING				KEEP	OFF
chrY	13868395	G	A	397	8	1.98	61	4	6.15	3.10606060606		AACxGAA	NA	INTERGENIC					KEEP	OFF
chr7	61970291	T	C	175	4	2.23	73	4	5.19	2.32735426009		GAGxTTG	4717990	INTERGENIC					KEEP	OFF
chr2	92325152	T	G	223	6	2.62	80	5	5.88	2.24427480916		AGCxTCA	4113044	INTERGENIC					KEEP	OFF
chr16	46395251	G	C	85	4	4.49	48	5	9.43	2.10022271715		TTAxATT	4292070	INTERGENIC					KEEP	OFF
chr7	75140455	C	T	270	8	2.88	212	13	5.78	2.00694444444	PMS2P3	AGGxGTG	377115614	INTRON	NON_CODING				KEEP	OFF
chr1	120904941	G	A	26	1	3.7	40	3	6.98	1.88648648649		GCCxTGA	NA	INTERGENIC					KEEP	OFF
chr1	156811786	G	A	229	5	2.14	157	6	3.68	1.71962616822	INSRR	GGGxTGA	NA	INTRON	CODING			1297	KEEP	OFF
chr1	121484139	A	G	387	13	3.25	91	5	5.21	1.60307692308		AGCxGAC	9988651	INTERGENIC					KEEP	OFF
chr7	61968843	A	G	304	9	2.88	153	7	4.38	1.52083333333		AATxAAA	10156099	INTERGENIC					KEEP	OFF
chr16	46408378	T	C	96	5	4.95	37	3	7.5	1.51515151515		CCAxTTG	NA	INTERGENIC					KEEP	OFF
chr1	121484121	C	T	382	20	4.98	99	8	7.48	1.50200803213		GAAxGAT	9701683	INTERGENIC					KEEP	OFF
chr1	121484796	T	A	398	15	3.63	141	8	5.37	1.47933884298		GAGxTGA	3916337	INTERGENIC					KEEP	OFF
chr3	9055617	C	T	104	3	2.8	95	4	4.04	1.44285714286	SRGAP3	CCAxGTG	NA	INTRON	CODING			1075	KEEP	OFF
chr2	188280371	C	T	39	2	4.88	40	3	6.98	1.43032786885	CALCRL	GGGxCCC	NA	INTRON	CODING			461	KEEP	OFF
chr7	151932822	A	T	459	22	4.57	467	30	6.04	1.32166301969	KMT2C	TTAxGAT	NA	INTRON	CODING			4911	KEEP	OFF
chr6	58778649	C	T	79	4	4.82	59	4	6.35	1.31742738589		AGAxTTC	6421500	INTERGENIC					KEEP	OFF
chr1	121484101	A	T	398	16	3.86	108	5	4.42	1.14507772021		TGTxTTC	9701900	INTERGENIC					KEEP	OFF
chr7	61970359	C	T	356	16	4.3	179	7	3.76	0.874418604651		AAAxGGG	4302712	INTERGENIC					KEEP	OFF
chr21	11058322	C	T	883	32	3.5	785	24	2.97	0.848571428571	BAGE2	CATxGCT	NA	NON_SYNONYMOUS_CODING	CODING	Gat/Aat	D40N	109	KEEP	OFF
chr21	11058386	G	A	855	33	3.72	727	23	3.07	0.825268817204	BAGE2	TAAxCTG	76314403	INTRON	CODING			109	KEEP	OFF
chr21	11058353	T	C	867	38	4.2	749	26	3.35	0.797619047619	BAGE2	CTTxATA	79433933	INTRON	CODING			109	KEEP	OFF
chr7	61969572	T	C	299	15	4.78	203	8	3.79	0.792887029289		GCGxTCA	4295544	INTERGENIC					KEEP	OFF

