chr	pos	ref	alt	normal_ref_count	normal_alt_count	pct_normal_alt	tumor_ref_count	tumor_alt_count	pct_tumor_alt	tn_pct_alt_ratio	gene	context	dbsnp_id	effect	coding	codon_change	amino_acid_change	amino_acid_length	mutect_call	on/off-target
chr12	25398284	C	T	740	0	0.0	351	126	26.42	100.0	KRAS	CCAxCAG	121913529	NON_SYNONYMOUS_CODING	CODING	gGt/gAt	G12D	188	KEEP	ON
chr1	152281041	A	G	199	0	0.0	383	89	18.86	100.0	FLG	CGCxGAC	NA	SYNONYMOUS_CODING	CODING	tcT/tcC	S2107	4061	KEEP	ON
chr6	152464723	G	A	167	0	0.0	154	39	20.21	100.0	SYNE1	TTCxCAC	NA	INTRON	CODING			8749	KEEP	ON
chr11	48177624	A	T	231	0	0.0	241	21	8.02	100.0	PTPRJ	AAAxATG	NA	NON_SYNONYMOUS_CODING	CODING	Aat/Tat	N1131Y	1337	KEEP	ON
chr10	129907022	A	T	306	0	0.0	365	13	3.44	100.0	MKI67	GGGxTGC	NA	NON_SYNONYMOUS_CODING	CODING	Tcc/Acc	S1028T	3256	KEEP	ON
chr3	37356938	G	A	206	0	0.0	102	5	4.67	100.0	GOLGA4	TGAxTAC	NA	NON_SYNONYMOUS_CODING	CODING	aGt/aAt	S421N	2230	KEEP	ON
chr1	24022258	C	A	129	0	0.0	95	4	4.04	100.0	RPL11	TGGxTAG	NA	INTRON	CODING			177	KEEP	ON
chr1	204416665	G	A	88	0	0.0	58	4	6.45	100.0	PIK3C2B	GGGxCTG	NA	SYNONYMOUS_CODING	CODING	agC/agT	S796	1634	KEEP	ON
chr3	50253156	G	A	57	0	0.0	75	4	5.06	100.0	SLC38A3	CCCxCCC	NA	INTRON	CODING			504	KEEP	ON
chr7	73460594	G	A	24	0	0.0	42	4	8.7	100.0	ELN	GAGxCTC	NA	INTRON	CODING			617	KEEP	ON
chr8	54859183	C	A	111	0	0.0	74	4	5.13	100.0	RGS20	TGGxAGG	NA	INTRON	CODING			152	KEEP	ON
chrX	3235607	G	A	53	0	0.0	58	4	6.45	100.0	MXRA5	GGCxGAT	140758671	NON_SYNONYMOUS_CODING	CODING	Cgc/Tgc	R2039C	2828	KEEP	ON
chr5	180028835	G	T	8	0	0.0	19	3	13.64	100.0	FLT4	GGTxGGG	NA	UTR_3_PRIME	CODING	1357		1363	KEEP	ON
chr6	36104251	C	A	41	0	0.0	44	3	6.38	100.0	MAPK13	GTCxTCC	NA	INTRON	CODING			365	KEEP	ON
chr16	23701047	T	A	14	0	0.0	35	3	7.89	100.0	ERN2	GCAxGCC	NA	DOWNSTREAM	CODING	579		974	KEEP	ON
chr17	80054337	C	T	42	0	0.0	43	3	6.52	100.0	FASN	GGGxGGG	NA	INTRON	CODING			2511	KEEP	ON
chr8	93115153	C	T	10	0	0.0	5	2	28.57	100.0	RUNX1T1	CGTxTCG	NA	UPSTREAM	CODING	3237		604	KEEP	ON
chr9	110249747	G	A	23	0	0.0	5	2	28.57	100.0	KLF4	GCTxCCG	NA	STOP_GAINED	CODING	Cag/Tag	Q310*	479	KEEP	ON
chr10	74034631	C	T	13	0	0.0	1	2	66.67	100.0	DDIT4	GGGxAAA	NA	SYNONYMOUS_CODING	CODING	ggC/ggT	G128	232	KEEP	ON
chr16	15808740	G	A	9	0	0.0	8	2	20.0	100.0	MYH11	GGGxTCC	NA	INTRON	CODING			1938	KEEP	ON
chr17	76989920	G	T	8	0	0.0	7	2	22.22	100.0	CANT1	GTAxCGC	NA	SYNONYMOUS_CODING	CODING	cgC/cgA	R306	401	KEEP	ON
chr19	1218459	C	T	429	1	0.23	271	111	29.06	126.347826087	STK11	ATCxAGC	NA	STOP_GAINED	CODING	Cag/Tag	Q112*	433	KEEP	ON
chr17	7579698	A	C	202	1	0.49	141	47	25.0	51.0204081633	TP53	CTTxCCA	NA	INTRON	CODING			302	KEEP	ON
chr17	78796980	G	A	391	1	0.26	353	25	6.61	25.4230769231	RPTOR	CCCxTCA	NA	NON_SYNONYMOUS_CODING	CODING	Gtc/Atc	V365I	1177	KEEP	ON
chr19	9009690	C	T	350	14	3.85	284	129	31.23	8.11168831169	MUC16	GAAxGGC	NA	SYNONYMOUS_CODING	CODING	ccG/ccA	P13012	14507	KEEP	ON
chr1	161643067	C	T	42	1	2.33	39	6	13.33	5.72103004292	FCGR2B	GGAxAAG	199544489	INTRON	CODING			290	KEEP	ON
chr22	36712682	C	A	48	1	2.04	42	3	6.67	3.26960784314	MYH9	GGTxGCC	NA	SYNONYMOUS_CODING	CODING	gcG/gcT	A420	1960	KEEP	ON
chr21	44513243	G	A	206	7	3.29	152	15	8.98	2.72948328267	U2AF1	CTCxACC	200044775	NON_SYNONYMOUS_CODING	CODING	tCg/tTg	S158L	167	KEEP	ON
chr9	80537112	T	A	549	21	3.68	351	34	8.83	2.39945652174	GNAQ	GTGxGTC	NA	NON_SYNONYMOUS_CODING	CODING	Aca/Tca	T96S	359	KEEP	ON
chr9	80537095	G	T	506	13	2.5	324	20	5.81	2.324	GNAQ	CTTxTAT	200106152	STOP_GAINED	CODING	taC/taA	Y101*	359	KEEP	ON
chr7	33014253	T	C	203	8	3.79	170	7	3.95	1.04221635884	FKBP9	CAAxGTG	200712661	SYNONYMOUS_CODING	CODING	aaT/aaC	N135	623	KEEP	ON
chr16	50814019	C	T	113	0	0.0	64	25	28.09	100.0	CYLD	GCCxTAT	NA	INTRON	CODING			953	KEEP	OFF
chr16	46391572	G	C	34	0	0.0	37	8	17.78	100.0		ATTxGAT	4287733	INTERGENIC					KEEP	OFF
chr7	27087920	G	A	15	0	0.0	23	7	23.33	100.0		CGCxGAA	NA	INTERGENIC					KEEP	OFF
chr10	42394538	T	A	26	0	0.0	5	7	58.33	100.0		GACxCGA	147016068	INTERGENIC					KEEP	OFF
chr1	120016091	C	T	25	0	0.0	17	6	26.09	100.0		CACxAAA	NA	INTERGENIC					KEEP	OFF
chr22	18846088	A	G	12	0	0.0	22	5	18.52	100.0		TCCxTGC	9605845	INTERGENIC					KEEP	OFF
chr5	169101242	C	A	69	0	0.0	94	4	4.08	100.0	DOCK2	TGCxAAA	NA	INTRON	CODING			1830	KEEP	OFF
chr6	152780127	C	T	81	0	0.0	81	4	4.71	100.0	SYNE1	GAAxGTT	370904973	INTRON	CODING			8749	KEEP	OFF
chr7	140454158	G	T	129	0	0.0	76	4	5.0	100.0	BRAF	ATTxTAA	NA	INTRON	CODING			766	KEEP	OFF
chr16	46391941	G	T	62	0	0.0	82	4	4.65	100.0		TCCxTTC	4249500	INTERGENIC					KEEP	OFF
chr16	46404581	C	G	32	0	0.0	29	4	12.12	100.0		CCAxTCG	4232858	INTERGENIC					KEEP	OFF
chr16	46405934	A	C	26	0	0.0	30	4	11.76	100.0		TTCxAAG	56144621	INTERGENIC					KEEP	OFF
chr19	45871833	G	A	43	0	0.0	46	4	8.0	100.0	ERCC2	GACxAAA	NA	INTRON	CODING			405	KEEP	OFF
chrUn_gl000220	136251	C	G	8	0	0.0	7	4	36.36	100.0		TCTxTGT	NA	INTERGENIC					KEEP	OFF
chr2	240066518	A	T	20	0	0.0	37	3	7.5	100.0	HDAC4	CTCxACA	NA	INTRON	CODING			1084	KEEP	OFF
chr4	49146685	C	G	31	0	0.0	2	3	60.0	100.0		ACTxGAG	NA	INTERGENIC					KEEP	OFF
chr8	59335659	C	T	33	0	0.0	23	3	11.54	100.0	UBXN2B	CATxATC	NA	INTRON	CODING			331	KEEP	OFF
chr16	46393135	T	A	42	0	0.0	34	3	8.11	100.0		GATxTCA	2128450	INTERGENIC					KEEP	OFF
chr16	46394949	T	C	20	0	0.0	15	3	16.67	100.0		TGAxTTC	4527045	INTERGENIC					KEEP	OFF
chr16	46402726	T	C	15	0	0.0	10	3	23.08	100.0		CAAxTTC	4967065	INTERGENIC					KEEP	OFF
chr17	20013689	C	A	35	0	0.0	46	3	6.12	100.0	SPECC1	CTCxTTC	NA	INTRON	CODING			1068	KEEP	OFF
chr21	11049828	G	A	10	0	0.0	9	3	25.0	100.0	BAGE2	ATCxTAT	60082580	INTRON	CODING			109	KEEP	OFF
chr1	186082215	C	T	10	0	0.0	8	2	20.0	100.0	HMCN1	CAAxGTG	NA	INTRON	CODING			5635	KEEP	OFF
chr4	49122207	C	A	10	0	0.0	5	2	28.57	100.0		ACTxGGG	NA	INTERGENIC					KEEP	OFF
chr11	51590607	C	T	39	0	0.0	0	2	100.0	100.0		AGGxCTC	9971470	INTERGENIC					KEEP	OFF
chr13	25930428	C	T	10	0	0.0	5	2	28.57	100.0		TGCxCCC	NA	INTERGENIC					KEEP	OFF
chr15	80448068	G	T	11	0	0.0	5	2	28.57	100.0	FAH	GCAxGGT	NA	INTRON	CODING			419	KEEP	OFF
chr16	46417069	C	A	9	0	0.0	13	2	13.33	100.0		CGAxCGG	4294972	INTERGENIC					KEEP	OFF
chr16	55844729	G	A	11	0	0.0	10	2	16.67	100.0	CES1	GGGxAAA	191651652	INTRON	CODING			566	KEEP	OFF
chrX	122648573	C	T	24	0	0.0	8	2	20.0	100.0		TTCxAGA	NA	INTERGENIC					KEEP	OFF
chrM	13548	C	T	62	0	0.0	8	2	20.0	100.0		ACAxAAA	NA	INTERGENIC					KEEP	OFF
chrUn_gl000220	133549	G	C	9	0	0.0	8	2	20.0	100.0		TCTxTCT	NA	INTERGENIC					KEEP	OFF
chr4	49112698	C	G	43	1	2.27	0	2	100.0	44.0528634361		ATTxCAT	NA	INTERGENIC					KEEP	OFF
chr6	80778262	G	A	212	1	0.47	232	24	9.38	19.9574468085		CTCxTCT	138914190	INTERGENIC					KEEP	OFF
chrUn_gl000228	117233	G	C	24	1	4.0	4	5	55.56	13.89	DUX4L	TCAxTTC	NA	DOWNSTREAM	NON_CODING	2557			KEEP	OFF
chrY	13453173	C	G	41	2	4.65	16	6	27.27	5.86451612903		ATTxCAT	NA	INTERGENIC					KEEP	OFF
chrUn_gl000212	160866	G	A	84	1	1.18	70	5	6.67	5.65254237288		TGGxTGT	NA	INTERGENIC					KEEP	OFF
chr10	42387182	C	T	24	1	4.0	7	2	22.22	5.555		AACxGAA	140863694	INTERGENIC					KEEP	OFF
chr16	46394011	T	C	26	1	3.7	17	4	19.05	5.14864864865		CCAxTCA	7193151	INTERGENIC					KEEP	OFF
chr16	46391488	G	A	48	1	2.04	59	6	9.23	4.52450980392		AACxATG	4322693	INTERGENIC					KEEP	OFF
chr16	46393118	C	T	42	1	2.33	35	3	7.89	3.38626609442		ATTxGAT	4278771	INTERGENIC					KEEP	OFF
chr16	46405159	T	G	30	1	3.23	25	3	10.71	3.31578947368		ATTxGAG	4249135	INTERGENIC					KEEP	OFF
chr6	58777790	C	G	29	1	3.33	35	4	10.26	3.08108108108		ATTxTCA	4928379	INTERGENIC					KEEP	OFF
chr16	46395283	A	G	33	1	2.94	56	5	8.2	2.78911564626		TCCxTTT	4372848	INTERGENIC					KEEP	OFF
chr16	46402062	T	C	26	1	3.7	27	3	10.0	2.7027027027		TGAxTCC	4967046	INTERGENIC					KEEP	OFF
chr14	81574838	C	T	82	2	2.38	91	6	6.19	2.60084033613	TSHR	TTTxTTT	12589552	INTRON	CODING			253	KEEP	OFF
chr21	11040565	C	A	22	1	4.35	24	3	11.11	2.55402298851	BAGE2	ATTxTTT	NA	INTRON	CODING			109	KEEP	OFF
chr16	46405098	G	A	33	1	2.94	37	3	7.5	2.55102040816		TTCxATG	4967135	INTERGENIC					KEEP	OFF
chr16	46403662	C	G	51	2	3.77	58	6	9.38	2.48806366048		TTCxAGT	8058846	INTERGENIC					KEEP	OFF
chr16	46407676	T	A	33	1	2.94	39	3	7.14	2.42857142857		CCAxTTG	55800118	INTERGENIC					KEEP	OFF
chr5	233839	C	A	105	2	1.87	108	5	4.42	2.36363636364	SDHA	TCGxCCT	NA	INTRON	CODING			664	KEEP	OFF
chrUn_gl000226	7000	G	A	58	3	4.92	41	5	10.87	2.2093495935		TCCxTTT	NA	INTERGENIC					KEEP	OFF
chr20	26211052	T	G	380	14	3.55	172	11	6.01	1.69295774648		CATxACA	NA	INTERGENIC					KEEP	OFF
chr7	57659517	T	C	103	4	3.74	74	5	6.33	1.69251336898		TTAxCCT	NA	INTERGENIC					KEEP	OFF
chr7	61970454	G	C	87	4	4.4	87	6	6.45	1.46590909091		ACAxAGC	4316045	INTERGENIC					KEEP	OFF
chr10	42392729	C	G	165	8	4.62	166	8	4.6	0.995670995671		AATxGAA	143507773	INTERGENIC					KEEP	OFF
chr7	61969422	T	C	111	5	4.31	130	5	3.7	0.858468677494		ACCxTGC	4409274	INTERGENIC					KEEP	OFF
chr21	11058353	T	C	767	40	4.96	703	29	3.96	0.798387096774	BAGE2	CTTxATA	79433933	INTRON	CODING			109	KEEP	OFF
chr21	11058330	G	A	794	35	4.22	755	19	2.45	0.580568720379	BAGE2	AAAxGGG	138162498	INTRON	CODING			109	KEEP	OFF

