chr	pos	ref	alt	normal_ref_count	normal_alt_count	pct_normal_alt	tumor_ref_count	tumor_alt_count	pct_tumor_alt	tn_pct_alt_ratio	gene	context	dbsnp_id	effect	coding	codon_change	amino_acid_change	amino_acid_length	mutect_call	on/off-target
chr14	104165843	A	G	12	0	0.0	7	2	22.22	100.0	KLC1	ATGxCCA	NA	INTRON	CODING			573	KEEP	ON
chr17	48271796	C	T	17	0	0.0	10	2	16.67	100.0	COL1A1	GTTxACC	NA	NON_SYNONYMOUS_CODING	CODING	Gaa/Aaa	E510K	1464	KEEP	ON
chr17	7578492	C	T	101	0	0.0	48	7	12.73	100.0	TP53	AACxCAC	NA	STOP_GAINED	CODING	tgG/tgA	W107*	302	KEEP	ON
chr12	25398284	C	T	767	0	0.0	643	90	12.28	100.0	KRAS	CCAxCAG	121913529	NON_SYNONYMOUS_CODING	CODING	gGt/gAt	G12D	188	KEEP	ON
chr3	89259559	A	G	768	0	0.0	677	81	10.69	100.0	EPHA3	TCTxAGG	NA	NON_SYNONYMOUS_CODING	CODING	Aag/Gag	K235E	539	KEEP	ON
chr6	94124456	T	C	713	0	0.0	620	73	10.53	100.0	EPHA7	CTGxTTG	NA	NON_SYNONYMOUS_CODING	CODING	Aca/Gca	T43A	279	KEEP	ON
chr5	156671447	A	G	96	0	0.0	95	11	10.38	100.0	ITK	GGCxTGG	NA	NON_SYNONYMOUS_CODING	CODING	Atg/Gtg	M470V	620	KEEP	ON
chr16	81914443	C	T	160	1	0.62	179	58	24.47	39.4677419355	PLCG2	CAAxAAA	NA	INTRON	CODING			1265	KEEP	ON
chr2	141777520	G	A	582	4	0.68	504	78	13.4	19.7058823529	LRP1B	TCTxGGA	NA	SYNONYMOUS_CODING	CODING	ccC/ccT	P647	4599	KEEP	ON
chr6	152660342	C	A	448	5	1.1	513	50	8.88	8.07272727273	SYNE1	AAAxAAA	NA	INTRON	CODING			8749	KEEP	ON
chr19	51920196	G	T	30	1	3.23	25	8	24.24	7.50464396285	LOC100129083	TCTxAGT	73049612	INTRON	CODING			115	KEEP	ON
chr15	43571390	C	G	123	1	0.81	141	6	4.08	5.03703703704	TGM7	CTCxGCG	567357	SYNONYMOUS_CODING	CODING	gcG/gcC	A588	710	KEEP	ON
chrX	39934488	C	T	111	1	0.89	90	4	4.26	4.78651685393	BCOR	GCAxCCA	6610384	INTRON	CODING			1703	KEEP	ON
chr5	7870973	A	G	426	4	0.93	427	13	2.95	3.17204301075	MTRR	AATxTGT	1801394	NON_SYNONYMOUS_CODING	CODING	atA/atG	I22M	698	KEEP	ON
chr7	101896725	G	T	154	2	1.28	123	5	3.91	3.0546875	CUX1	CGGxCAG	2529114	INTRON	CODING			632	KEEP	ON
chr15	88488428	A	G	173	3	1.7	196	8	3.92	2.30588235294	NTRK3	TGGxAAA	1369426	INTRON	CODING			817	KEEP	ON
chr8	77690380	C	G	511	6	1.16	511	14	2.67	2.30172413793	ZFHX4	TGTxACC	12679822	INTRON	CODING			3616	KEEP	ON
chr10	129901946	T	G	224	3	1.32	259	8	3.0	2.27272727273	MKI67	TTGxGCT	1050767	NON_SYNONYMOUS_CODING	CODING	Aca/Cca	T2360P	2896	KEEP	ON
chr15	84651185	C	A	222	3	1.33	267	8	2.91	2.18796992481	ADAMTSL3	CCCxGTG	8031704	SYNONYMOUS_CODING	CODING	ccC/ccA	P935	1691	KEEP	ON
chr15	84488636	A	G	177	4	2.21	159	8	4.79	2.16742081448	ADAMTSL3	GGCxTTA	4483821	NON_SYNONYMOUS_CODING	CODING	cAt/cGt	H146R	1691	KEEP	ON
chr2	25463483	G	A	116	4	3.33	93	4	4.12	1.23723723724	DNMT3A	GAAxGTG	2289195	INTRON	CODING			723	KEEP	ON
chr8	32501026	G	T	98	5	4.85	79	5	5.95	1.22680412371	NRG1	GTGxGGG	7012689	INTRON	CODING			177	KEEP	ON
chr13	28882948	G	A	525	19	3.49	645	27	4.02	1.15186246418	FLT1	CGGxGTG	9579177	INTRON	CODING			1338	KEEP	ON
chr2	212589986	T	C	463	12	2.53	507	13	2.5	0.98814229249	ERBB4	TTCxGGA	35778743	INTRON	CODING			1292	KEEP	ON
chr7	151971011	A	G	721	35	4.63	616	22	3.45	0.745140388769	KMT2C	AATxTAA	74481560	INTRON	CODING			4911	KEEP	ON
chr22	29091841	G	A	529	23	4.17	477	12	2.45	0.587529976019	CHEK2	CTTxGAG	146546850	SYNONYMOUS_CODING	CODING	tcC/tcT	S151	322	KEEP	ON
chr16	46390751	T	C	8	0	0.0	3	2	40.0	100.0		CACxGGA	4609877	INTERGENIC					KEEP	OFF
chr13	24259932	T	C	8	0	0.0	4	2	33.33	100.0		TTGxGTA	2312292	INTERGENIC					KEEP	OFF
chr16	46420913	T	C	22	0	0.0	9	4	30.77	100.0		CAGxGGA	74397194	INTERGENIC					KEEP	OFF
chr16	46421750	T	G	17	0	0.0	8	3	27.27	100.0		GATxGGA	NA	INTERGENIC					KEEP	OFF
chr16	46420903	A	G	23	0	0.0	11	4	26.67	100.0		AAAxGAA	4588009	INTERGENIC					KEEP	OFF
chr2	179753092	A	G	12	0	0.0	7	2	22.22	100.0	CCDC141	AACxGTG	NA	INTRON	CODING			1530	KEEP	OFF
chrUn_gl000220	132074	G	A	16	0	0.0	14	4	22.22	100.0		TCCxTCT	NA	INTERGENIC					KEEP	OFF
chr16	46386013	T	A	12	0	0.0	8	2	20.0	100.0		ATTxGAT	28970330	INTERGENIC					KEEP	OFF
chr7	2963786	C	A	105	0	0.0	91	20	18.02	100.0	CARD11	GGTxCCC	NA	INTRON	CODING			1154	KEEP	OFF
chr3	104000199	T	C	13	0	0.0	10	2	16.67	100.0		GCCxTTA	NA	INTERGENIC					KEEP	OFF
chr4	149002341	C	G	11	0	0.0	10	2	16.67	100.0	NR3C2	TTCxCGG	NA	UTR_3_PRIME	CODING	154		867	KEEP	OFF
chr9_gl000199_random	160741	A	C	18	0	0.0	10	2	16.67	100.0		CATxGGC	NA	INTERGENIC					KEEP	OFF
chr9_gl000199_random	160760	A	T	18	0	0.0	10	2	16.67	100.0		GAAxCGT	NA	INTERGENIC					KEEP	OFF
chr7	61967601	T	C	36	0	0.0	12	2	14.29	100.0		AAGxGGA	NA	INTERGENIC					KEEP	OFF
chr16	46389993	G	C	15	0	0.0	12	2	14.29	100.0		CGAxTCC	9746225	INTERGENIC					KEEP	OFF
chrUn_gl000226	9751	A	C	29	0	0.0	19	3	13.64	100.0		GGCxCTC	NA	INTERGENIC					KEEP	OFF
chr16	46399598	T	C	42	0	0.0	49	4	7.55	100.0		TAGxTTC	NA	INTERGENIC					KEEP	OFF
chr16	46391345	A	G	56	0	0.0	57	4	6.56	100.0		ATGxTGA	4383169	INTERGENIC					KEEP	OFF
chr12	133208739	A	G	56	0	0.0	43	3	6.52	100.0	POLE	ATTxACA	5745028	INTRON	CODING			2286	KEEP	OFF
chr10	13164596	A	G	91	0	0.0	85	4	4.49	100.0	OPTN	ATCxTGT	489040	INTRON	CODING			577	KEEP	OFF
chr2	113260407	A	G	91	0	0.0	89	4	4.3	100.0	TTL	AGAxGTC	NA	INTRON	CODING			377	KEEP	OFF
chr3	31496291	A	G	122	0	0.0	92	4	4.17	100.0		AAGxGAC	74777338	INTERGENIC					KEEP	OFF
chr1	17183281	T	G	45	1	2.17	18	5	21.74	10.0184331797	MIR3675	GGCxGAA	150144028	DOWNSTREAM	NON_CODING	2163			KEEP	OFF
chr2	92315359	G	A	119	5	4.03	10	5	33.33	8.27047146402		CAGxTTT	201579063	INTERGENIC					KEEP	OFF
chr16	46403717	A	T	96	3	3.03	67	12	15.19	5.01320132013		TCCxTTC	6422043	INTERGENIC					KEEP	OFF
chr15	33822969	T	C	113	1	0.88	112	5	4.27	4.85227272727	RYR3	CAAxTGG	12900227	INTRON	CODING			4865	KEEP	OFF
chr4	49637205	T	C	89	3	3.26	19	3	13.64	4.18404907975		GAAxGGA	NA	INTERGENIC					KEEP	OFF
chr16	46401894	A	C	34	1	2.86	26	3	10.34	3.61538461538		ATTxCAT	NA	INTERGENIC					KEEP	OFF
chr7	61968966	A	C	209	2	0.95	199	7	3.4	3.57894736842		GATxTAT	2123585	INTERGENIC					KEEP	OFF
chr7	151921880	A	G	22	1	4.35	22	4	15.38	3.53563218391	KMT2C	TAGxAGC	199826389	INTRON	CODING			4911	KEEP	OFF
chr1	17008420	G	A	50	2	3.85	27	4	12.9	3.35064935065	MIR3675	GGTxTCA	150930109	DOWNSTREAM	NON_CODING	597			KEEP	OFF
chr7	61968901	T	G	160	2	1.23	172	7	3.91	3.17886178862		ACAxAGT	4407758	INTERGENIC					KEEP	OFF
chr3	197348562	A	G	23	1	4.17	21	3	12.5	2.99760191847	LOC220729	CGGxGGG	202016008	INTRON	NON_CODING				KEEP	OFF
chr16	46391452	G	A	67	2	2.9	68	6	8.11	2.79655172414		TTCxATT	4232883	INTERGENIC					KEEP	OFF
chr16	46388371	G	A	32	1	3.03	35	3	7.89	2.60396039604		TTCxATG	28881770	INTERGENIC					KEEP	OFF
chr10	42388344	T	A	144	6	4.0	61	7	10.29	2.5725		AATxGAA	NA	INTERGENIC					KEEP	OFF
chr20	26211052	T	G	551	26	4.51	380	36	8.65	1.91796008869		CATxACA	NA	INTERGENIC					KEEP	OFF
chr7	61968843	A	G	118	4	3.28	110	7	5.98	1.82317073171		AATxAAA	10156099	INTERGENIC					KEEP	OFF
chr16	46432785	T	A	39	2	4.88	54	5	8.47	1.7356557377		TAAxGGA	4249078	INTERGENIC					KEEP	OFF
chr7	61969243	G	C	154	6	3.75	150	10	6.25	1.66666666667		AGAxTTT	2219043	INTERGENIC					KEEP	OFF
chr10	42385620	A	G	189	7	3.57	135	8	5.59	1.56582633053		CAAxTGG	NA	INTERGENIC					KEEP	OFF
chr7	151945867	A	T	59	3	4.84	56	4	6.67	1.37809917355	KMT2C	TTTxTGG	NA	INTRON	CODING			4911	KEEP	OFF
chr16	46389631	T	G	40	2	4.76	43	3	6.52	1.36974789916		GGTxGAC	NA	INTERGENIC					KEEP	OFF
chr7	151945841	A	G	91	4	4.21	83	5	5.68	1.34916864608	KMT2C	TGAxTGA	NA	INTRON	CODING			4911	KEEP	OFF
chr1	145273302	A	G	525	24	4.37	476	29	5.74	1.31350114416	NBPF20	CCGxTGT	201646101	INTRON	CODING			4963	KEEP	OFF
chr21	11021106	A	G	560	19	3.28	621	22	3.42	1.04268292683	BAGE2	TTCxAAC	NA	INTRON	CODING			109	KEEP	OFF
chr19	50474960	C	G	87	4	4.4	91	4	4.21	0.956818181818	VRK3	AAGxAAA	201054007	DOWNSTREAM	CODING	4764		424	KEEP	OFF
chr21	11058322	C	T	884	31	3.39	793	21	2.58	0.761061946903	BAGE2	CATxGCT	NA	NON_SYNONYMOUS_CODING	CODING	Gat/Aat	D40N	109	KEEP	OFF

