chr	pos	ref	alt	normal_ref_count	normal_alt_count	pct_normal_alt	tumor_ref_count	tumor_alt_count	pct_tumor_alt	tn_pct_alt_ratio	gene	context	dbsnp_id	effect	coding	codon_change	amino_acid_change	amino_acid_length	mutect_call	on/off-target
chr3	47125494	G	A	708	0	0.0	504	40	7.35	100.0	SETD2	GTTxTGA	NA	STOP_GAINED	CODING	Caa/Taa	Q1926*	2564	KEEP	ON
chr12	25398285	C	G	699	0	0.0	394	29	6.86	100.0	KRAS	CACxAGC	121913530	NON_SYNONYMOUS_CODING	CODING	Ggt/Cgt	G12R	188	KEEP	ON
chr13	101720300	T	G	406	0	0.0	441	15	3.29	100.0	NALCN	TATxATT	1289556	SYNONYMOUS_CODING	CODING	atA/atC	I1472	1738	KEEP	ON
chr8	2796277	C	T	381	0	0.0	404	14	3.35	100.0	CSMD1	AAAxAGA	585000	INTRON	CODING			3564	KEEP	ON
chr9	8389364	C	G	346	0	0.0	267	12	4.3	100.0	PTPRD	ATAxCCA	2279776	SYNONYMOUS_CODING	CODING	ggG/ggC	G1002	1496	KEEP	ON
chr7	73474853	G	A	164	0	0.0	135	11	7.53	100.0	ELN	GGCxGAG	NA	INTRON	CODING			617	KEEP	ON
chr10	89720907	T	G	615	0	0.0	321	10	3.02	100.0	PTEN	TTGxTGA	555895	INTRON	CODING			403	KEEP	ON
chr7	142459708	G	A	107	0	0.0	127	9	6.62	100.0	PRSS1	TCCxCCA	375820192	NON_SYNONYMOUS_CODING	CODING	cGc/cAc	R95H	247	KEEP	ON
chr10	55626367	A	G	468	0	0.0	261	9	3.33	100.0	PCDH15	CGTxGCT	10825135	INTRON	CODING			1539	KEEP	ON
chr1	115249843	G	A	190	0	0.0	143	8	5.3	100.0	NRAS	CATxTGC	14804	UTR_3_PRIME	CODING	1313		189	KEEP	ON
chr5	169267784	G	A	184	0	0.0	222	8	3.48	100.0	DOCK2	CCAxGAG	261623	SYNONYMOUS_CODING	CODING	caG/caA	Q909	1830	KEEP	ON
chr10	33510614	G	A	183	0	0.0	152	8	5.0	100.0	NRP1	CTTxGAA	4934837	INTRON	CODING			609	KEEP	ON
chr1	97544760	C	G	167	0	0.0	129	6	4.44	100.0	DPYD	CCCxATT	17116357	INTRON	CODING			1025	KEEP	ON
chr4	20547578	G	C	275	0	0.0	182	6	3.19	100.0	SLIT2	AGAxTGA	12501870	INTRON	CODING			1521	KEEP	ON
chr5	57753251	T	A	211	0	0.0	140	6	4.11	100.0	PLK2	AACxCTT	2220785	INTRON	CODING			671	KEEP	ON
chr8	18258103	G	A	213	0	0.0	139	6	4.14	100.0	NAT2	CTCxAAC	1799930	NON_SYNONYMOUS_CODING	CODING	cGa/cAa	R197Q	290	KEEP	ON
chr11	59945745	T	C	116	0	0.0	106	6	5.36	100.0	MS4A6A	GGTxAAC	12453	SYNONYMOUS_CODING	CODING	ttA/ttG	L109	178	KEEP	ON
chr15	84488636	A	G	124	0	0.0	153	6	3.77	100.0	ADAMTSL3	GGCxTTA	4483821	NON_SYNONYMOUS_CODING	CODING	cAt/cGt	H146R	1691	KEEP	ON
chr16	2812939	C	A	161	0	0.0	169	6	3.43	100.0	SRRM2	CAAxCTA	2240140	NON_SYNONYMOUS_CODING	CODING	Cct/Act	P804T	2752	KEEP	ON
chr4	1806519	C	T	118	0	0.0	123	5	3.91	100.0	FGFR3	ACGxGGC	3135890	INTRON	CODING			694	KEEP	ON
chr7	43506059	A	G	109	0	0.0	123	5	3.91	100.0	HECW1	AGAxGGG	2304329	SYNONYMOUS_CODING	CODING	gaA/gaG	E901	1572	KEEP	ON
chr9	36840647	G	A	82	0	0.0	114	5	4.2	100.0	PAX5	CGGxAGA	NA	INTRON	CODING			220	KEEP	ON
chr13	49047451	A	G	171	0	0.0	114	5	4.2	100.0	RB1	TGTxTAT	4151610	INTRON	CODING			928	KEEP	ON
chr17	8052121	G	A	87	0	0.0	58	5	7.94	100.0	PER1	GAGxAGC	145284880	INTRON	CODING			1290	KEEP	ON
chr20	31383353	T	G	114	0	0.0	111	5	4.31	100.0	DNMT3B	GGGxACC	910085	INTRON	CODING			694	KEEP	ON
chr1	153655813	G	A	67	0	0.0	86	4	4.44	100.0	NPR1	CCCxCAG	NA	INTRON	CODING			1061	KEEP	ON
chr3	37407664	G	T	71	0	0.0	59	4	6.35	100.0	GOLGA4	GTTxTCA	62241901	UTR_3_PRIME	CODING	4901		2230	KEEP	ON
chr4	99341156	C	G	93	0	0.0	72	4	5.26	100.0	RAP1GDS1	TCTxTCT	12512920	INTRON	CODING			516	KEEP	ON
chr5	38527228	T	G	72	0	0.0	74	4	5.13	100.0	LIFR	CTTxAAA	2289779	INTRON	CODING			1097	KEEP	ON
chr6	36103732	C	A	70	0	0.0	84	4	4.55	100.0	MAPK13	CGGxCAG	NA	INTRON	CODING			365	KEEP	ON
chr6	94119750	A	G	122	0	0.0	72	4	5.26	100.0	EPHA7	AATxTAT	660217	INTRON	CODING			993	KEEP	ON
chr9	5126908	G	A	139	0	0.0	80	4	4.76	100.0	JAK2	CCAxCAA	NA	UTR_3_PRIME	CODING	117		1132	KEEP	ON
chr11	8246154	C	A	37	0	0.0	40	4	9.09	100.0	LMO1	AGGxGCC	NA	EXON	CODING				KEEP	ON
chr11	108225661	A	G	123	0	0.0	93	4	4.12	100.0	ATM	CTCxTCA	664143	INTRON	CODING			3056	KEEP	ON
chr12	132554036	C	A	40	0	0.0	32	4	11.11	100.0	EP400	TCCxCAG	NA	INTRON	CODING			3123	KEEP	ON
chrX	79278583	C	A	64	0	0.0	86	4	4.44	100.0	TBX22	CCTxAAC	NA	STOP_GAINED	CODING	tCa/tAa	S67*	520	KEEP	ON
chr6	167413539	T	C	102	0	0.0	42	3	6.67	100.0	FGFR1OP	CTTxTTT	12212247	INTRON	CODING			351	KEEP	ON
chr10	45924023	G	A	38	0	0.0	45	3	6.25	100.0	ALOX5	TCCxTCT	1565096	INTRON	CODING			617	KEEP	ON
chr12	92539460	C	T	93	0	0.0	28	3	9.68	100.0	C12orf79	TTTxTTT	3088003	UPSTREAM	CODING	3013		115	KEEP	ON
chr13	103519228	G	T	64	0	0.0	42	3	6.67	100.0	ERCC5	TCTxACA	NA	INTRON	CODING			1186	KEEP	ON
chr15	70952448	C	A	56	0	0.0	34	3	8.11	100.0	UACA	TATxTCT	NA	INTRON	CODING			1403	KEEP	ON
chr17	70117943	G	T	16	0	0.0	4	2	33.33	100.0	SOX9	CAAxACG	NA	NON_SYNONYMOUS_CODING	CODING	aaG/aaT	K137N	509	KEEP	ON
chr2	58388696	A	G	611	1	0.16	392	17	4.16	26.0	VRK2	CTGxGAA	848291	DOWNSTREAM	CODING	1641		390	KEEP	ON
chr17	56492800	T	C	731	1	0.14	354	12	3.28	23.4285714286	HSF5	TAAxAGC	3744093	DOWNSTREAM	CODING	4729		596	KEEP	ON
chr1	85733374	C	T	664	1	0.15	380	13	3.31	22.0666666667	BCL10	GTTxCTT	3768235	NON_SYNONYMOUS_CODING	CODING	gGa/gAa	G213E	233	KEEP	ON
chr8	117864217	A	G	603	1	0.17	455	16	3.4	20.0	RAD21	TCCxGCT	1050838	SYNONYMOUS_CODING	CODING	gcT/gcC	A480	631	KEEP	ON
chr2	223791754	C	T	204	1	0.49	140	14	9.09	18.5510204082	ACSL3	GTTxGAA	NA	STOP_GAINED	CODING	Cga/Tga	R438*	720	KEEP	ON
chr6	134493397	G	A	503	1	0.2	209	8	3.69	18.45	SGK1	GAAxTCA	1057293	SYNONYMOUS_CODING	CODING	gaC/gaT	D240	431	KEEP	ON
chr7	124481185	C	A	713	1	0.14	384	10	2.54	18.1428571429	POT1	GCAxCAT	35536751	EXON	CODING				KEEP	ON
chr8	103271201	T	A	340	1	0.29	211	9	4.09	14.1034482759	UBR5	TTTxAAA	2925791	INTRON	CODING			2798	KEEP	ON
chr17	7578263	G	A	307	2	0.65	293	19	6.09	9.36923076923	TP53	CTCxGAT	NA	STOP_GAINED	CODING	Cga/Tga	R157*	302	KEEP	ON
chr10	104268877	G	C	217	1	0.46	245	10	3.92	8.52173913043	SUFU	ATTxTCT	2281879	INTRON	CODING			433	KEEP	ON
chr1	150547747	G	A	405	2	0.49	145	6	3.97	8.10204081633	ADAMTSL4-AS1	GCAxTTC	878471	UPSTREAM	NON_CODING	719			KEEP	ON
chr4	106199505	A	T	232	1	0.43	184	6	3.16	7.3488372093	TET2	TGAxCTG	2647257	UTR_3_PRIME	CODING	1829		2002	KEEP	ON
chr8	105263979	C	T	225	1	0.44	213	7	3.18	7.22727272727	RIMS2	GGCxCCT	10461	SYNONYMOUS_CODING	CODING	gcC/gcT	A1141	1163	KEEP	ON
chr1	163297322	A	C	194	1	0.51	131	5	3.68	7.21568627451	NUF2	AGTxTAT	16852612	SYNONYMOUS_CODING	CODING	gtA/gtC	V56	464	KEEP	ON
chr11	59943109	A	T	157	1	0.63	149	7	4.49	7.12698412698	MS4A6A	AGGxTCA	2278867	INTRON	CODING			178	KEEP	ON
chr1	155162067	C	T	213	2	0.93	173	12	6.49	6.97849462366	THBS3	ACCxGTA	4072037	DOWNSTREAM	CODING	3312		836	KEEP	ON
chr14	35872094	C	T	673	3	0.44	353	11	3.02	6.86363636364	NFKBIA	TAAxCAC	2233417	INTRON	CODING			317	KEEP	ON
chr10	33510663	G	A	309	2	0.64	266	12	4.32	6.75	NRP1	ACCxTAT	2229935	EXON	CODING				KEEP	ON
chr3	52643307	A	G	652	3	0.46	423	12	2.76	6.0	PBRM1	AATxAAA	3733045	INTRON	CODING			1582	KEEP	ON
chr2	215592581	G	A	133	1	0.75	87	4	4.4	5.86666666667	BARD1	GACxTTG	75314738	EXON	CODING				KEEP	ON
chr14	65472975	G	A	136	1	0.73	92	4	4.17	5.71232876712	CHURC1-FNTB	CAGxTGG	NA	INTRON	CODING			391	KEEP	ON
chr2	75099477	A	T	273	2	0.73	245	10	3.92	5.3698630137	HK2	ACAxATC	2229621	NON_SYNONYMOUS_CODING	CODING	caA/caT	Q142H	917	KEEP	ON
chr10	88635779	C	A	643	4	0.62	478	15	3.04	4.90322580645	BMPR1A	ATGxCTC	11528010	NON_SYNONYMOUS_CODING	CODING	Cct/Act	P2T	532	KEEP	ON
chr8	41794934	C	T	374	3	0.8	270	11	3.91	4.8875	KAT6A	AAAxGTG	13748	SYNONYMOUS_CODING	CODING	acG/acA	T1064	2004	KEEP	ON
chr6	166579270	C	T	128	1	0.78	192	7	3.52	4.51282051282	T	GGAxCCC	2305089	NON_SYNONYMOUS_CODING	CODING	gGt/gAt	G177D	377	KEEP	ON
chr7	116435768	C	T	721	5	0.69	402	12	2.9	4.20289855072	MET	TGAxGTA	41736	SYNONYMOUS_CODING	CODING	gaC/gaT	D1286	1390	KEEP	ON
chr10	88683122	T	C	767	5	0.65	597	16	2.61	4.01538461538	BMPR1A	TCAxTCC	7074064	INTRON	CODING			532	KEEP	ON
chr6	94120192	G	A	462	4	0.86	327	11	3.25	3.77906976744	EPHA7	AGTxGAG	474809	INTRON	CODING			993	KEEP	ON
chr10	55779915	G	A	297	4	1.33	290	15	4.92	3.6992481203	PCDH15	AGAxCAA	3812658	INTRON	CODING			1539	KEEP	ON
chr1	243664857	C	T	410	3	0.73	328	9	2.67	3.65753424658	SDCCAG8	GCAxAAC	1058304	DOWNSTREAM	CODING	1464		713	KEEP	ON
chr19	36228954	G	T	269	2	0.74	322	9	2.72	3.67567567568	IGFLR1	CCTxCCC	2242522	DOWNSTREAM	CODING	1197		355	KEEP	ON
chr11	3714489	C	T	197	2	1.01	142	5	3.4	3.36633663366	NUP98	GAGxGCC	1875	SYNONYMOUS_CODING	CODING	gcG/gcA	A1428	1726	KEEP	ON
chr10	21827796	G	A	311	3	0.96	212	7	3.2	3.33333333333	MLLT10	ACCxTGG	1802669	SYNONYMOUS_CODING	CODING	ccG/ccA	P65	1027	KEEP	ON
chr5	140718835	C	T	168	2	1.18	199	8	3.86	3.27118644068	PCDHGA1	GAGxGCA	NA	INTRON	CODING			931	KEEP	ON
chr6	94124530	C	A	496	6	1.2	229	9	3.78	3.15	EPHA7	TTAxGCA	540816	INTRON	CODING			279	KEEP	ON
chr1	98187048	C	T	357	4	1.11	171	6	3.39	3.05405405405	DPYD	TCAxGTG	56276561	INTRON	CODING			1025	KEEP	ON
chr15	70960068	G	A	248	3	1.2	164	6	3.53	2.94166666667	UACA	GGCxTAT	934005	SYNONYMOUS_CODING	CODING	taC/taT	Y972	1403	KEEP	ON
chr6	35424188	A	G	345	4	1.15	332	11	3.21	2.79130434783	FANCE	TCCxTGG	3800377	INTRON	CODING			536	KEEP	ON
chr7	6036980	G	C	242	3	1.22	171	6	3.39	2.77868852459	PMS2	ATCxGAA	1805319	EXON	CODING				KEEP	ON
chr4	1810459	C	T	144	2	1.37	132	5	3.65	2.66423357664	LETM1	TGCxTGC	NA	DOWNSTREAM	CODING	2747		739	KEEP	ON
chr15	70991925	G	C	647	8	1.22	280	9	3.11	2.54918032787	UACA	TGAxGTC	4776525	SYNONYMOUS_CODING	CODING	acC/acG	T38	1403	KEEP	ON
chr2	191843692	C	T	120	2	1.64	92	4	4.17	2.54268292683	STAT1	GCAxGCT	NA	NON_SYNONYMOUS_CODING	CODING	cGt/cAt	R588H	712	KEEP	ON
chr10	13167453	C	T	113	2	1.74	91	4	4.21	2.41954022989	OPTN	TTCxATC	NA	NON_SYNONYMOUS_CODING	CODING	cCa/cTa	P345L	577	KEEP	ON
chr8	77745635	G	A	533	6	1.11	492	13	2.57	2.31531531532	ZFHX4	ATCxACC	2733733	SYNONYMOUS_CODING	CODING	tcG/tcA	S1129	3616	KEEP	ON
chr11	108093208	A	T	296	4	1.33	189	6	3.08	2.31578947368	NPAT	TCCxTCC	228589	INTRON	CODING			1427	KEEP	ON
chr3	30713126	T	A	587	7	1.18	561	14	2.43	2.0593220339	TGFBR2	CCAxCAG	11466512	INTRON	CODING			567	KEEP	ON
chr7	55221655	G	A	252	4	1.56	287	8	2.71	1.73717948718	EGFR	GGCxCTG	4947986	INTRON	CODING			1210	KEEP	ON
chr2	141259376	G	A	520	9	1.7	369	10	2.64	1.55294117647	LRP1B	GTCxCAA	35164907	SYNONYMOUS_CODING	CODING	tgC/tgT	C2910	4599	KEEP	ON
chr17	59940819	C	T	200	6	2.91	90	4	4.26	1.46391752577	INTS2	GGAxTGG	2048718	DOWNSTREAM	CODING	1909		1204	KEEP	ON
chr7	151935831	G	A	313	13	3.99	197	11	5.29	1.32581453634	KMT2C	CCTxGGT	62478303	SYNONYMOUS_CODING	CODING	ccC/ccT	P871	4911	KEEP	ON
chr7	151970714	C	A	799	24	2.92	698	23	3.19	1.09246575342	KMT2C	ACTxAGG	374951494	INTRON	CODING			4911	KEEP	ON
chr7	55241496	C	T	48	0	0.0	64	7	9.86	100.0	EGFR	TGTxCTG	NA	DOWNSTREAM	CODING	2758		705	KEEP	OFF
chr1	121484151	C	T	124	0	0.0	58	5	7.94	100.0		ACAxTCT	9729839	INTERGENIC					KEEP	OFF
chr2	212544024	G	A	130	0	0.0	109	5	4.39	100.0	ERBB4	AATxACT	10169970	INTRON	CODING			1292	KEEP	OFF
chr6	58777074	C	T	12	0	0.0	9	5	35.71	100.0		AAAxGGG	4388312	INTERGENIC					KEEP	OFF
chr7	61968843	A	G	81	0	0.0	85	5	5.56	100.0		AATxAAA	10156099	INTERGENIC					KEEP	OFF
chr11	3740588	G	T	67	0	0.0	50	5	9.09	100.0	NUP98	ACAxAAA	612785	INTRON	CODING			1726	KEEP	OFF
chr22	42546811	C	T	27	0	0.0	57	5	8.06	100.0		GGAxGAT	202157864	INTERGENIC					KEEP	OFF
chr5	13736170	C	T	45	0	0.0	61	4	6.15	100.0	DNAH5	ATAxGGG	NA	INTRON	CODING			4624	KEEP	OFF
chr6	26157403	A	C	144	0	0.0	49	4	7.55	100.0	HIST1H1E	GCTxAGC	112830226	DOWNSTREAM	CODING	60		219	KEEP	OFF
chr16	69791741	G	A	93	0	0.0	59	4	6.35	100.0		GCGxTGG	NA	INTERGENIC					KEEP	OFF
chr22	42546802	C	T	32	0	0.0	56	4	6.67	100.0		CACxCAG	201242546	INTERGENIC					KEEP	OFF
chrX	152818435	G	A	41	0	0.0	79	4	4.82	100.0	ATP2B3	AGCxCTG	2239682	INTRON	CODING			1173	KEEP	OFF
chr2	92307337	T	C	34	0	0.0	23	3	11.54	100.0		ATCxACT	NA	INTERGENIC					KEEP	OFF
chr2	92318964	G	C	26	0	0.0	12	3	20.0	100.0		TTGxATA	4471317	INTERGENIC					KEEP	OFF
chr16	46406219	C	G	9	0	0.0	7	3	30.0	100.0		ATTxCAT	4558439	INTERGENIC					KEEP	OFF
chr16	46419805	A	G	8	0	0.0	5	3	37.5	100.0		TCGxATA	NA	INTERGENIC					KEEP	OFF
chrM	1351	T	C	64	0	0.0	11	3	21.43	100.0		AGGxGGC	NA	INTERGENIC					KEEP	OFF
chrM	16049	G	A	60	0	0.0	10	3	23.08	100.0		TTGxGTA	NA	INTERGENIC					KEEP	OFF
chrUn_gl000226	9720	A	C	13	0	0.0	17	3	15.0	100.0		TTGxACA	NA	INTERGENIC					KEEP	OFF
chrUn_gl000241	10714	A	C	8	0	0.0	3	3	50.0	100.0		AGCxAGA	NA	INTERGENIC					KEEP	OFF
chr1	121357907	T	G	8	0	0.0	3	2	40.0	100.0		GATxTTA	NA	INTERGENIC					KEEP	OFF
chr2	92321085	A	G	9	0	0.0	13	2	13.33	100.0		GTGxTGT	56917921	INTERGENIC					KEEP	OFF
chr3	195409076	T	C	9	0	0.0	4	2	33.33	100.0	SDHAP2	GTTxATT	9826091	INTRON	NON_CODING				KEEP	OFF
chr4	143350232	C	A	9	0	0.0	4	2	33.33	100.0	INPP4B	TGTxAAA	NA	INTRON	CODING			924	KEEP	OFF
chr6	70034640	C	T	9	0	0.0	10	2	16.67	100.0	BAI3	TGTxACT	NA	INTRON	CODING			1522	KEEP	OFF
chr6	91229155	G	T	11	0	0.0	5	2	28.57	100.0	MAP3K7	AAAxTTA	NA	INTRON	CODING			491	KEEP	OFF
chr10	3111706	G	T	10	0	0.0	6	2	25.0	100.0	PFKP	TTGxCAC	NA	INTRON	CODING			776	KEEP	OFF
chr15	22145401	C	T	9	0	0.0	3	2	40.0	100.0	NF1P2	TGGxCAG	150450298	EXON	NON_CODING				KEEP	OFF
chr16	46390202	T	C	15	0	0.0	7	2	22.22	100.0		TGAxTCC	28804672	INTERGENIC					KEEP	OFF
chr16	46392952	C	T	22	0	0.0	13	2	13.33	100.0		ATTxGAA	12102994	INTERGENIC					KEEP	OFF
chr18	108473	T	C	23	0	0.0	5	2	28.57	100.0	MIR8078	TTGxGAC	NA	DOWNSTREAM	NON_CODING	3783			KEEP	OFF
chr21	11049848	G	T	8	0	0.0	3	2	40.0	100.0	BAGE2	TTTxTGG	NA	INTRON	CODING			109	KEEP	OFF
chrUn_gl000225	67309	A	G	13	0	0.0	0	2	100.0	100.0		AATxTCT	NA	INTERGENIC					KEEP	OFF
chr10	42528054	T	A	131	4	2.96	9	5	35.71	12.0641891892		GCCxCAA	NA	INTERGENIC					KEEP	OFF
chr7	65970882	C	T	106	1	0.93	131	10	7.09	7.62365591398		GAGxGCA	NA	INTERGENIC					KEEP	OFF
chr19	53989975	C	T	27	1	3.57	25	8	24.24	6.78991596639	ZNF813	GGAxGTG	2708793	SYNONYMOUS_CODING	CODING	gaC/gaT	D35	617	KEEP	OFF
chr10	112337693	T	A	148	1	0.67	87	4	4.4	6.5671641791	SMC3	TTTxAAA	11195194	INTRON	CODING			1217	KEEP	OFF
chr10	42389504	G	C	41	2	4.65	5	2	28.57	6.14408602151		AATxGAA	144032645	INTERGENIC					KEEP	OFF
chr3	178978328	C	T	121	1	0.82	115	6	4.96	6.0487804878	KCNMB3	CACxTCA	62410371	INTRON	CODING			173	KEEP	OFF
chr10	3160917	T	C	65	1	1.52	46	4	8.0	5.26315789474	PFKP	TCCxGCG	3829913	INTRON	CODING			776	KEEP	OFF
chr16	46406538	T	A	43	1	2.27	23	3	11.54	5.08370044053		CCAxTCG	28844912	INTERGENIC					KEEP	OFF
chr4	88815148	G	A	71	1	1.39	77	5	6.1	4.38848920863		CTCxCAT	56105763	INTERGENIC					KEEP	OFF
chr17	22253158	T	G	65	3	4.41	18	4	18.18	4.12244897959		CGTxGGA	6565430	INTERGENIC					KEEP	OFF
chr10	42393844	A	C	99	5	4.81	41	10	19.61	4.07692307692		TCGxATG	74209135	INTERGENIC					KEEP	OFF
chr16	46393118	C	T	46	1	2.13	46	4	8.0	3.7558685446		ATTxGAT	4278771	INTERGENIC					KEEP	OFF
chr16	46394201	A	C	29	1	3.33	29	4	12.12	3.63963963964		TCAxGTC	4967785	INTERGENIC					KEEP	OFF
chr16	46394083	C	G	47	1	2.08	40	3	6.98	3.35576923077		AGTxCAT	12448091	INTERGENIC					KEEP	OFF
chr22	16346398	C	G	285	6	2.06	227	12	5.02	2.43689320388		ATGxTAG	8136532	INTERGENIC					KEEP	OFF
chr2	141113798	G	A	103	3	2.83	88	6	6.38	2.25441696113	LRP1B	GTAxATA	13017246	INTRON	CODING			4599	KEEP	OFF
chr16	46392046	T	A	76	2	2.56	83	5	5.68	2.21875		TGAxTCC	4396558	INTERGENIC					KEEP	OFF
chrUn_gl000212	295	T	C	129	3	2.27	104	5	4.59	2.02202643172		ATAxGTA	NA	INTERGENIC					KEEP	OFF
chr7	151970710	C	A	797	39	4.67	656	50	7.08	1.51605995717	KMT2C	TAAxACT	NA	INTRON	CODING			4911	KEEP	OFF
chr11	9830595	G	A	94	3	3.09	81	4	4.71	1.52427184466	SBF2-AS1	TGAxTGC	11042500	EXON	NON_CODING				KEEP	OFF
chr16	46391488	G	A	60	3	4.76	57	4	6.56	1.3781512605		AACxATG	4322693	INTERGENIC					KEEP	OFF
chr7	61969243	G	C	87	3	3.33	112	5	4.27	1.28228228228		AGAxTTT	2219043	INTERGENIC					KEEP	OFF
chr21	11021106	A	G	330	12	3.51	290	13	4.29	1.22222222222	BAGE2	TTCxAAC	NA	INTRON	CODING			109	KEEP	OFF
chr1	148873483	C	T	708	36	4.84	518	29	5.3	1.09504132231	NBPF25P	ACCxAGG	NA	INTRON	NON_CODING				KEEP	OFF
chr7	61969184	A	G	94	4	4.08	110	5	4.35	1.06617647059		ATAxAAA	2100385	INTERGENIC					KEEP	OFF

