chr	pos	ref	alt	normal_ref_count	normal_alt_count	pct_normal_alt	tumor_ref_count	tumor_alt_count	pct_tumor_alt	tn_pct_alt_ratio	gene	context	dbsnp_id	effect	coding	codon_change	amino_acid_change	amino_acid_length	mutect_call	on/off-target
chr19	36211031	A	G	228	0	0.0	135	114	45.78	100.0	ZBTB32	AACxTCA	NA	DOWNSTREAM	CODING	3091		487	KEEP	ON
chrX	148082100	C	A	108	0	0.0	73	48	39.67	100.0	AFF2	GAGxTGG	NA	UTR_3_PRIME	CODING	9238		1272	KEEP	ON
chr17	9923134	C	T	88	0	0.0	18	19	51.35	100.0	GAS7	AGGxGAC	NA	SYNONYMOUS_CODING	CODING	tcG/tcA	S24	412	KEEP	ON
chr14	38061488	C	T	82	0	0.0	37	17	31.48	100.0	FOXA1	GTGxGGG	NA	SYNONYMOUS_CODING	CODING	ccG/ccA	P167	472	KEEP	ON
chrX	148072720	G	T	252	0	0.0	127	13	9.29	100.0	AFF2	ACTxAGA	NA	INTRON	CODING			1272	KEEP	ON
chr17	48278764	G	A	138	0	0.0	65	7	9.72	100.0	COL1A1	TTGxGAC	NA	INTRON	CODING			1464	KEEP	ON
chr17	37596727	G	A	147	0	0.0	119	6	4.8	100.0	MED1	GACxTGA	NA	NON_SYNONYMOUS_CODING	CODING	aCg/aTg	T104M	1581	KEEP	ON
chr9	133759832	G	A	75	0	0.0	72	5	6.49	100.0	ABL1	TCCxCCT	145494071	NON_SYNONYMOUS_CODING	CODING	Gcc/Acc	A719T	1130	KEEP	ON
chr16	2816900	C	A	181	0	0.0	70	5	6.67	100.0	TCEB2	CCCxAAC	NA	DOWNSTREAM	CODING	4515		118	KEEP	ON
chr6	138199929	C	T	120	0	0.0	95	4	4.04	100.0	TNFAIP3	GAAxCCT	NA	SYNONYMOUS_CODING	CODING	aaC/aaT	N449	790	KEEP	ON
chr7	82434958	C	A	76	0	0.0	81	4	4.71	100.0	PCLO	ACTxATG	NA	INTRON	CODING			5142	KEEP	ON
chr9	22003936	G	A	178	0	0.0	69	4	5.48	100.0	CDKN2B-AS1	GCTxGTG	NA	INTRON	NON_CODING				KEEP	ON
chr10	129906011	C	T	148	0	0.0	79	4	0.0482	100.0	MKI67	CAGxAGC	NA	NON_SYNONYMOUS_CODING	CODING	Gct/Act	A1005T	2896	KEEP	ON
chr14	61518851	G	T	49	0	0.0	75	4	5.06	100.0	SLC38A6	CTTxGGG	NA	EXON	CODING				KEEP	ON
chr15	88678525	G	T	85	0	0.0	51	4	7.27	100.0	NTRK3	ATTxTGC	NA	NON_SYNONYMOUS_CODING	CODING	caC/caA	H337Q	612	KEEP	ON
chr19	42791090	C	T	89	0	0.0	75	4	5.06	100.0	CIC	GGAxTGG	NA	INTRON	CODING			1608	KEEP	ON
chr1	11740381	C	A	57	0	0.0	38	3	7.32	100.0	MAD2L2	TACxCAC	NA	INTRON	CODING			211	KEEP	ON
chr9	132652818	C	A	75	0	0.0	32	3	8.57	100.0	FNBP1	CCTxTAG	NA	STOP_LOST	CODING	taG/taT	*618Y	617	KEEP	ON
chr17	48265919	G	A	49	0	0.0	47	3	6.0	100.0	COL1A1	CCAxCAG	NA	NON_SYNONYMOUS_CODING	CODING	gCt/gTt	A1060V	1464	KEEP	ON
chr19	15276680	C	A	45	0	0.0	28	3	9.68	100.0	NOTCH3	GCCxCAG	NA	NON_SYNONYMOUS_CODING	CODING	gGg/gTg	G1862V	2321	KEEP	ON
chr17	8046971	G	A	8	0	0.0	3	2	40.0	100.0	MIR6883	CTGxGGG	NA	DOWNSTREAM	NON_CODING	1341			KEEP	ON
chr22	23656746	G	A	12	0	0.0	3	2	0.4	100.0	BCR	GCAxAGA	NA	NON_SYNONYMOUS_CODING	CODING	Gag/Aag	E1147K	1227	KEEP	ON
chr8	2793474	C	T	335	1	0.3	73	60	0.4511	1.50366666667	CSMD1	CCTxACG	NA	UTR_3_PRIME	CODING	2633		3564	KEEP	ON
chr17	7578407	G	C	103	1	0.96	29	28	49.12	51.1666666667	TP53	AGCxCCT	138729528	NON_SYNONYMOUS_CODING	CODING	Cgc/Ggc	R136G	302	KEEP	ON
chr15	39881308	C	T	152	2	1.3	34	32	48.48	37.2923076923	THBS1	CTCxGAG	NA	INTRON	CODING			1170	KEEP	ON
chr12	25398284	C	A	489	3	0.61	411	114	21.71	35.5901639344	KRAS	CCAxCAG	121913529	NON_SYNONYMOUS_CODING	CODING	gGt/gTt	G12V	188	KEEP	ON
chr2	233195395	T	G	70	1	1.41	38	16	29.63	21.0141843972	DIS3L2	GCTxCTA	NA	INTRON	CODING			603	KEEP	ON
chr3	183660618	G	A	153	2	1.29	94	34	26.56	20.5891472868	ABCC5	TGCxTTC	377172194	SYNONYMOUS_CODING	CODING	aaC/aaT	N1197	1437	KEEP	ON
chr2	212492048	A	T	367	1	0.27	478	22	4.4	16.2962962963	ERBB4	AAGxTTG	NA	INTRON	CODING			1292	KEEP	ON
chrX	123504180	C	T	101	1	0.98	77	8	9.41	9.60204081633	SH2D1A	TTTxCTC	NA	INTRON	CODING			125	KEEP	ON
chr7	151164374	C	T	193	3	1.53	148	24	13.95	9.11764705882	RHEB	GGGxGTG	NA	INTRON	CODING			184	KEEP	ON
chr20	31389134	C	T	201	1	0.5	198	8	3.88	7.76	DNMT3B	TCAxGCC	377397627	NON_SYNONYMOUS_CODING	CODING	Cgc/Tgc	R587C	694	KEEP	ON
chr18	50731748	T	C	208	2	0.95	80	6	6.98	7.34736842105	DCC	GAAxGGA	NA	INTRON	CODING			1447	KEEP	ON
chr7	92734891	G	A	227	1	0.44	285	9	3.06	6.95454545455	SAMD9	AACxATA	373775990	NON_SYNONYMOUS_CODING	CODING	Cgt/Tgt	R174C	1589	KEEP	ON
chr11	121986421	G	A	165	1	0.6	93	4	4.12	6.86666666667	MIR100HG	ATTxTAC	NA	INTRON	NON_CODING				KEEP	ON
chrX	41193130	C	A	446	3	0.67	92	4	4.17	6.22388059701	DDX3X	TCTxGAG	NA	UTR_5_PRIME	CODING	376		646	KEEP	ON
chr19	51921031	C	T	84	1	1.18	45	3	6.25	5.29661016949	LOC100129083	GCCxAGT	NA	DOWNSTREAM	CODING	352		115	KEEP	ON
chr16	16284110	C	A	66	1	1.49	37	3	7.5	5.03355704698	ABCC6	TGCxCAG	NA	NON_SYNONYMOUS_CODING	CODING	Ggc/Tgc	G516C	1503	KEEP	ON
chr3	128340996	C	A	88	1	1.12	68	4	5.56	4.96428571429	RPN1	CGCxCGA	NA	INTRON	CODING			607	KEEP	ON
chr9	130581010	C	T	78	1	1.27	69	4	5.48	4.31496062992	FPGS	CTGxTGC	NA	DOWNSTREAM	CODING	4650		537	KEEP	ON
chr19	10250477	G	A	88	1	1.12	81	4	4.71	4.20535714286	DNMT1	GCCxGTA	NA	NON_SYNONYMOUS_CODING	CODING	Cgg/Tgg	R1259W	1616	KEEP	ON
chr10	3162139	G	A	160	2	1.23	75	4	5.06	4.11382113821	PFKP	TCTxTGT	NA	NON_SYNONYMOUS_CODING	CODING	tGt/tAt	C521Y	776	KEEP	ON
chr15	33023204	G	A	184	2	1.08	90	4	4.26	3.94444444444	GREM1	CACxAGG	NA	NON_SYNONYMOUS_CODING	CODING	Gag/Aag	E105K	184	KEEP	ON
chrX	3235624	G	A	102	2	1.92	66	5	0.0704	0.0366666666667	MXRA5	TCCxCCC	NA	NON_SYNONYMOUS_CODING	CODING	gCg/gTg	A2033V	2828	KEEP	ON
chr1	36762239	G	A	148	2	1.33	129	5	3.73	2.8045112782	THRAP3	GTCxTAA	NA	NON_SYNONYMOUS_CODING	CODING	cGt/cAt	R724H	955	KEEP	ON
chr16	55853481	G	A	107	3	2.73	60	4	6.25	2.28937728938	CES1	TCCxTCT	202001817	NON_SYNONYMOUS_CODING	CODING	aCg/aTg	T290M	566	KEEP	ON
chr22	31337533	C	T	104	3	2.8	47	3	6.0	2.14285714286	MORC2	GCGxCGC	NA	SYNONYMOUS_CODING	CODING	cgG/cgA	R175	970	KEEP	ON
chr9	80537223	T	G	526	12	2.23	442	19	4.12	1.84753363229	GNAQ	TCAxCTG	NA	NON_SYNONYMOUS_CODING	CODING	Atg/Ctg	M59L	359	KEEP	ON
chr12	113534604	G	A	234	6	2.5	189	6	3.08	1.232	RASAL1	ACCxTGG	NA	DOWNSTREAM	CODING	2020		776	KEEP	ON
chr7	151970982	T	C	361	10	2.7	361	11	2.96	1.0962962963	KMT2C	CTTxATA	NA	INTRON	CODING			4911	KEEP	ON
chr1	152284450	C	T	473	22	4.44	439	14	3.09	0.695945945946	FLG	CCAxGAT	146104019	NON_SYNONYMOUS_CODING	CODING	cGt/cAt	R971H	4061	KEEP	ON
chr1	144856964	T	C	333	17	4.86	224	7	3.03	0.623456790123	NBPF20	TTAxTGG	NA	INTRON	CODING			4963	KEEP	ON
chr4	103499928	G	T	32	0	0.0	28	14	33.33	100.0	NFKB1	GAGxAAA	NA	INTRON	CODING			968	KEEP	OFF
chr1	161480693	C	A	111	0	0.0	59	6	9.23	100.0	FCGR2A	CAGxCAT	NA	NON_SYNONYMOUS_CODING	CODING	gCc/gAc	A229D	316	KEEP	OFF
chr17	59668021	G	C	12	0	0.0	6	6	50.0	100.0	NACA2	CCTxTTT	61739273	NON_SYNONYMOUS_CODING	CODING	aCa/aGa	T174R	215	KEEP	OFF
chr2	132179780	G	A	55	0	0.0	92	4	4.17	100.0		TGTxCTG	NA	INTERGENIC					KEEP	OFF
chr1	148882062	C	A	35	0	0.0	39	3	7.14	100.0	NBPF25P	TGAxAAT	NA	INTRON	NON_CODING				KEEP	OFF
chr2	99719361	T	A	24	0	0.0	43	3	6.52	100.0	TSGA10	TTAxAAG	NA	INTRON	CODING			698	KEEP	OFF
chr16	2103922	C	T	44	0	0.0	37	3	7.5	100.0	TSC2	GGCxGTC	NA	INTRON	CODING			1740	KEEP	OFF
chr22	16346096	T	C	12	0	0.0	10	3	23.08	100.0		TCAxTTG	11913576	INTERGENIC					KEEP	OFF
chrUn_gl000226	151	T	A	66	0	0.0	10	3	23.08	100.0		GTTxGCA	NA	INTERGENIC					KEEP	OFF
chr1	117062052	C	T	8	0	0.0	10	2	16.67	100.0	CD58	CTAxAGA	NA	INTRON	CODING			248	KEEP	OFF
chr5	126506327	G	A	12	0	0.0	9	2	18.18	100.0		CCGxCGT	NA	INTERGENIC					KEEP	OFF
chr11	118502552	G	A	28	0	0.0	9	2	18.18	100.0	PHLDB1	GGAxGAA	NA	INTRON	CODING			1319	KEEP	OFF
chrX	61712575	T	C	10	0	0.0	3	2	40.0	100.0		GATxCTA	NA	INTERGENIC					KEEP	OFF
chrY	58977203	C	G	8	0	0.0	0	2	100.0	100.0		ATTxCAC	376734724	INTERGENIC					KEEP	OFF
chrM	8037	C	T	32	0	0.0	10	2	16.67	100.0		ATTxGTA	NA	INTERGENIC					KEEP	OFF
chrUn_gl000220	134300	G	A	9	0	0.0	5	2	28.57	100.0		CGGxCAT	NA	INTERGENIC					KEEP	OFF
chrY	13141046	T	A	30	1	3.23	1	2	66.67	20.6408668731		CATxCCA	NA	INTERGENIC					KEEP	OFF
chr10	42388408	C	A	179	1	0.56	49	5	9.26	16.5357142857		AATxATC	NA	INTERGENIC					KEEP	OFF
chr12	31944836	C	T	287	5	1.71	294	92	23.83	13.9356725146	H3F3C	CGAxGGC	148314204	NON_SYNONYMOUS_CODING	CODING	Gtc/Atc	V89I	135	KEEP	OFF
chr16	46403717	A	T	56	1	1.75	14	3	17.65	10.0857142857		TCCxTTC	6422043	INTERGENIC					KEEP	OFF
chr10	42364804	C	T	123	5	3.91	9	3	25.0	6.39386189258		TTCxATT	NA	INTERGENIC					KEEP	OFF
chrUn_gl000226	2041	C	G	26	1	3.7	7	2	22.22	6.00540540541		TAAxAGA	NA	INTERGENIC					KEEP	OFF
chr3	183245511	C	T	62	1	1.59	46	4	8.0	5.03144654088	KLHL6	GTGxGTG	NA	INTRON	CODING			621	KEEP	OFF
chr19	10478616	C	A	47	1	2.08	56	4	0.0667	0.0320673076923	TYK2	CCCxAGA	NA	INTRON	CODING			1187	KEEP	OFF
chr7	61969229	C	T	159	2	1.24	135	5	3.57	2.87903225806		TGCxTTC	4299876	INTERGENIC					KEEP	OFF
chr19	27732110	C	G	338	15	4.25	51	7	12.07	2.84		ACTxACA	146290295	INTERGENIC					KEEP	OFF
chr21	11049300	C	T	54	2	3.57	82	9	9.89	2.77030812325	BAGE2	TATxCAG	NA	INTRON	CODING			109	KEEP	OFF
chr3	77683881	C	A	30	1	3.23	43	4	8.51	2.6346749226	ROBO2	CTAxAGA	NA	INTRON	CODING			1378	KEEP	OFF
chr21	11038551	G	A	25	1	3.85	28	3	9.68	2.51428571429	BAGE2	ATGxCAT	67958584	INTRON	CODING			109	KEEP	OFF
chr2	152299948	G	A	31	1	3.12	58	4	6.45	2.06730769231	RIF1	TTCxTTA	NA	INTRON	CODING			2446	KEEP	OFF
chr7	151833652	G	A	35	2	5.41	39	4	9.3	1.71903881701	KMT2C	AAAxAAA	NA	UTR_3_PRIME	CODING	265		4911	KEEP	OFF
chr10	42599767	A	C	371	15	3.89	110	7	5.98	1.53727506427		TGAxTGC	139875229	INTERGENIC					KEEP	OFF
chr21	36161901	G	A	117	5	4.1	66	4	5.71	1.39268292683	LOC100506385	CACxCAC	112662011	DOWNSTREAM	NON_CODING	4733			KEEP	OFF
chr5	224656	C	T	65	3	4.41	76	4	5.0	1.13378684807	SDHA	CCAxTGT	111533078	INTRON	CODING			664	KEEP	OFF
chr21	11049584	C	T	767	40	4.96	688	34	4.71	0.949596774194	BAGE2	TCCxGGG	9808647	NON_SYNONYMOUS_CODING	CODING	cGg/cAg	R106Q	109	KEEP	OFF

