chr	pos	ref	alt	normal_ref_count	normal_alt_count	pct_normal_alt	tumor_ref_count	tumor_alt_count	pct_tumor_alt	tn_pct_alt_ratio	gene	context	dbsnp_id	effect	coding	codon_change	amino_acid_change	amino_acid_length	mutect_call	on/off-target
chr9	102590380	C	T	309	0	0.0	229	37	13.91	100.0	NR4A3	CGGxGCA	NA	NON_SYNONYMOUS_CODING	CODING	gCg/gTg	A19V	443	KEEP	ON
chr2	216286796	G	A	232	0	0.0	153	24	13.56	100.0	FN1	TTTxTTA	NA	INTRON	CODING			2176	KEEP	ON
chr7	83034837	T	C	311	0	0.0	302	23	7.08	100.0	SEMA3E	CTCxGAA	NA	INTRON	CODING			715	KEEP	ON
chr2	29445144	G	C	155	0	0.0	129	21	14.0	100.0	ALK	TTAxAAA	NA	INTRON	CODING			1620	KEEP	ON
chr12	46298187	A	G	138	0	0.0	75	14	15.73	100.0	ARID2	ACTxTGG	NA	INTRON	CODING			1835	KEEP	ON
chr17	12044495	G	A	418	0	0.0	331	9	2.65	100.0	MAP2K4	AACxTGC	NA	NON_SYNONYMOUS_CODING	CODING	cGt/cAt	R373H	399	KEEP	ON
chr5	31407020	C	T	420	0	0.0	283	8	2.75	100.0	DROSHA	GTTxGGG	NA	NON_SYNONYMOUS_CODING	CODING	cGa/cAa	R1259Q	1337	KEEP	ON
chr2	214014843	A	T	73	0	0.0	61	7	10.29	100.0	IKZF2	AGGxGAA	NA	INTRON	CODING			500	KEEP	ON
chr1	156850494	C	T	180	0	0.0	136	6	4.23	100.0	NTRK1	TCCxCGG	NA	INTRON	CODING			760	KEEP	ON
chr3	183209691	G	A	141	0	0.0	123	6	4.65	100.0	KLHL6	GGGxCTC	NA	UTR_3_PRIME	CODING	24		621	KEEP	ON
chr4	103528407	C	T	184	0	0.0	127	6	4.51	100.0	NFKB1	GTCxGGG	NA	SYNONYMOUS_CODING	CODING	tcC/tcT	S684	968	KEEP	ON
chr5	176637034	C	T	244	0	0.0	184	6	3.16	100.0	NSD1	ATAxGCA	137993153	NON_SYNONYMOUS_CODING	CODING	aCg/aTg	T276M	2427	KEEP	ON
chr6	36651911	C	T	177	0	0.0	98	6	5.77	100.0	CDKN1A	GAAxCCA	NA	SYNONYMOUS_CODING	CODING	aaC/aaT	N11	164	KEEP	ON
chr1	228459600	G	A	88	0	0.0	114	5	4.2	100.0	OBSCN	CTCxTAT	NA	INTRON	CODING			6620	KEEP	ON
chr6	152265314	G	A	157	0	0.0	140	5	3.45	100.0	ESR1	TACxAAA	NA	NON_SYNONYMOUS_CODING	CODING	cGa/cAa	R255Q	594	KEEP	ON
chr7	11633158	C	T	162	0	0.0	143	5	3.38	100.0	THSD7A	TTAxAGA	NA	INTRON	CODING			1657	KEEP	ON
chr13	33635228	G	A	165	0	0.0	134	5	3.6	100.0	KL	CCCxACT	NA	NON_SYNONYMOUS_CODING	CODING	cGa/cAa	R671Q	1012	KEEP	ON
chr1	150802349	G	A	123	0	0.0	86	4	4.44	100.0	ARNT	AACxGGA	NA	INTRON	CODING			773	KEEP	ON
chr1	226819809	T	A	105	0	0.0	95	4	4.04	100.0	ITPKB	ATAxAAC	NA	UTR_3_PRIME	CODING	2563		946	KEEP	ON
chr2	120129790	C	A	117	0	0.0	85	4	4.49	100.0	DBI	CTCxCTG	NA	INTRON	CODING			104	KEEP	ON
chr2	219562326	C	T	88	0	0.0	73	4	5.19	100.0	STK36	CTGxGCC	NA	NON_SYNONYMOUS_CODING	CODING	Cgc/Tgc	R947C	1294	KEEP	ON
chr4	1957007	C	T	81	0	0.0	64	4	5.88	100.0	WHSC1	GCTxGGA	NA	NON_SYNONYMOUS_CODING	CODING	Cgg/Tgg	R820W	1365	KEEP	ON
chr7	75611623	C	T	174	0	0.0	86	4	4.44	100.0	TMEM120A	GAGxTAC	NA	DOWNSTREAM	CODING	4532		343	KEEP	ON
chr9	136507332	G	A	55	0	0.0	32	4	11.11	100.0	DBH	GACxGCA	142383279	NON_SYNONYMOUS_CODING	CODING	Ggc/Agc	G164S	617	KEEP	ON
chr10	81065872	G	A	99	0	0.0	66	4	5.71	100.0	ZMIZ1	AGAxGTC	NA	SYNONYMOUS_CODING	CODING	gaG/gaA	E813	1067	KEEP	ON
chr11	22647217	C	A	90	0	0.0	49	4	7.55	100.0	FANCF	AAGxGCC	NA	NON_SYNONYMOUS_CODING	CODING	cGc/cTc	R47L	374	KEEP	ON
chr11	68216307	G	A	132	0	0.0	89	4	4.3	100.0	LRP5	CCCxACG	NA	SYNONYMOUS_CODING	CODING	ccG/ccA	P1539	1615	KEEP	ON
chr12	43770006	G	A	52	0	0.0	77	4	4.94	100.0	ADAMTS20	AATxTTA	NA	INTRON	CODING			1910	KEEP	ON
chr12	56740429	C	T	135	0	0.0	83	4	4.6	100.0	STAT2	GAAxAGG	NA	INTRON	CODING			847	KEEP	ON
chr16	11002000	G	A	77	0	0.0	77	4	4.94	100.0	CIITA	CCCxTTT	374443915	INTRON	CODING			546	KEEP	ON
chr19	55439103	G	A	96	0	0.0	95	4	4.04	100.0	NLRP7	CAAxATG	NA	INTRON	CODING			980	KEEP	ON
chr21	43714643	C	A	88	0	0.0	71	4	5.33	100.0	ABCG1	CCCxAAC	NA	INTRON	CODING			644	KEEP	ON
chrX	152806863	C	T	82	0	0.0	82	4	4.65	100.0	ATP2B3	CTAxGGG	NA	SYNONYMOUS_CODING	CODING	taC/taT	Y85	1173	KEEP	ON
chr1	228468284	G	A	34	0	0.0	44	3	6.38	100.0	OBSCN	CGCxGCA	NA	NON_SYNONYMOUS_CODING	CODING	Ggc/Agc	G2662S	6620	KEEP	ON
chr5	424082	C	A	36	0	0.0	26	3	10.34	100.0	AHRR	CCTxGGG	NA	STOP_GAINED	CODING	tCg/tAg	S237*	701	KEEP	ON
chr5	90021047	C	T	27	0	0.0	31	3	8.82	100.0	GPR98	TTCxTGG	NA	EXON	CODING				KEEP	ON
chr5	176524990	C	T	81	0	0.0	43	3	6.52	100.0	FGFR4	GAAxCCC	NA	UTR_3_PRIME	CODING	313		762	KEEP	ON
chr5	176941808	G	T	21	0	0.0	28	3	9.68	100.0	FAM193B	CCAxGAT	NA	DOWNSTREAM	CODING	4982		822	KEEP	ON
chr6	152708179	G	A	48	0	0.0	40	3	6.98	100.0	SYNE1	AAAxCAT	NA	INTRON	CODING			8749	KEEP	ON
chr7	75615612	G	A	67	0	0.0	44	3	6.38	100.0	TMEM120A	CCTxCCA	NA	DOWNSTREAM	CODING	543		343	KEEP	ON
chr10	72358414	G	A	16	0	0.0	17	3	15.0	100.0	PRF1	GCGxGTC	NA	NON_SYNONYMOUS_CODING	CODING	Ccg/Tcg	P355S	555	KEEP	ON
chr16	12136879	G	A	38	0	0.0	39	3	7.14	100.0	SNX29	AACxAAC	NA	NON_SYNONYMOUS_CODING	CODING	Gaa/Aaa	E125K	813	KEEP	ON
chr2	238601087	G	A	20	0	0.0	10	2	16.67	100.0	LRRFIP1	GCCxAGC	NA	INTRON	CODING			640	KEEP	ON
chr3	122631789	G	T	9	0	0.0	6	2	25.0	100.0	SEMA5B	TGCxGAC	NA	EXON	CODING				KEEP	ON
chr3	122632840	G	T	11	0	0.0	9	2	18.18	100.0	SEMA5B	CACxCCC	NA	EXON	CODING				KEEP	ON
chr13	33591328	C	T	11	0	0.0	6	2	25.0	100.0	KL	CACxGGG	NA	SYNONYMOUS_CODING	CODING	acC/acT	T250	1012	KEEP	ON
chr15	74336939	G	A	16	0	0.0	6	2	25.0	100.0	PML	GCCxTGC	NA	DOWNSTREAM	CODING	1222		423	KEEP	ON
chr17	70120144	G	A	8	0	0.0	5	2	28.57	100.0	SOX9	GCTxACC	NA	SYNONYMOUS_CODING	CODING	ctG/ctA	L382	509	KEEP	ON
chr12	25398284	C	T	711	2	0.28	398	51	11.36	40.5714285714	KRAS	CCAxCAG	121913529	NON_SYNONYMOUS_CODING	CODING	gGt/gAt	G12D	188	KEEP	ON
chr16	71748664	C	G	245	1	0.41	197	23	10.45	25.487804878	PHLPP2	CTCxTAT	NA	NON_SYNONYMOUS_CODING	CODING	aGg/aCg	R12T	1256	KEEP	ON
chrX	152823602	C	T	76	1	1.3	56	22	28.21	21.7	ATP2B3	GGCxTCC	NA	SYNONYMOUS_CODING	CODING	gcC/gcT	A822	1173	KEEP	ON
chr10	21962592	T	C	170	1	0.58	134	19	12.42	21.4137931034	MLLT10	AACxTCT	NA	SYNONYMOUS_CODING	CODING	acT/acC	T455	1027	KEEP	ON
chr7	140482360	C	A	142	1	0.7	112	17	13.18	18.8285714286	BRAF	ATTxGTT	NA	INTRON	CODING			766	KEEP	ON
chr14	100402649	C	T	272	1	0.37	193	6	3.02	8.16216216216	EML1	TTCxGGA	NA	SYNONYMOUS_CODING	CODING	tcC/tcT	S691	815	KEEP	ON
chr1	154131485	G	A	159	1	0.62	80	4	4.76	7.67741935484	TPM3	TTAxAAA	NA	DOWNSTREAM	CODING	2804		285	KEEP	ON
chr1	204408225	G	A	116	1	0.85	64	4	5.88	6.91764705882	PIK3C2B	CACxTTC	368162316	INTRON	CODING			1634	KEEP	ON
chr7	75608903	C	T	114	1	0.87	71	4	5.33	6.12643678161	POR	AAGxTGC	NA	INTRON	CODING			680	KEEP	ON
chr2	75081647	C	T	99	1	1.0	70	4	5.41	5.41	HK2	GCTxAGG	NA	INTRON	CODING			917	KEEP	ON
chr7	94038764	G	A	115	1	0.86	83	4	4.6	5.3488372093	COL1A2	TGAxTAA	NA	INTRON	CODING			1366	KEEP	ON
chr8	2793466	G	A	327	2	0.61	215	7	3.15	5.16393442623	CSMD1	GTCxCGT	NA	UTR_3_PRIME	CODING	2641		3564	KEEP	ON
chr14	24801052	C	T	38	1	2.56	20	3	13.04	5.09375	RIPK3	TCCxGGA	NA	DOWNSTREAM	CODING	4175		518	KEEP	ON
chr1	3102782	C	T	47	1	2.08	37	4	9.76	4.69230769231	PRDM16	TGTxGCC	NA	NON_SYNONYMOUS_CODING	CODING	tCg/tTg	S44L	1257	KEEP	ON
chr19	2194588	C	T	94	1	1.05	87	4	4.4	4.19047619048	DOT1L	CATxGCT	NA	INTRON	CODING			1537	KEEP	ON
chrX	152482590	G	A	80	1	1.23	75	4	5.06	4.11382113821	MAGEA1	CAGxAAA	NA	NON_SYNONYMOUS_CODING	CODING	Cct/Tct	P141S	309	KEEP	ON
chr5	176721271	G	A	92	1	1.08	91	4	4.21	3.89814814815	NSD1	CTGxGTC	NA	NON_SYNONYMOUS_CODING	CODING	gGg/gAg	G2032E	2427	KEEP	ON
chr7	73461048	G	A	77	1	1.28	83	4	4.6	3.59375	ELN	ACCxCAA	140337204	SYNONYMOUS_CODING	CODING	ccG/ccA	P154	617	KEEP	ON
chr1	248309020	G	A	239	3	1.24	244	8	3.17	2.5564516129	OR2M5	AATxACA	139290187	NON_SYNONYMOUS_CODING	CODING	Gac/Aac	D191N	312	KEEP	ON
chr11	64577823	C	T	65	2	2.99	39	3	7.14	2.38795986622	MEN1	GTAxCCG	NA	INTRON	CODING			610	KEEP	ON
chr9	136901485	G	A	30	1	3.23	37	3	7.5	2.32198142415	LINC00094	TCCxTCT	NA	DOWNSTREAM	NON_CODING	4766			KEEP	ON
chr7	151970777	G	A	838	44	4.99	714	42	5.56	1.11422845691	KMT2C	TCCxTAG	201753635	INTRON	CODING			4911	KEEP	ON
chr7	151970982	T	C	486	22	4.33	343	13	3.65	0.842956120092	KMT2C	CTTxATA	NA	INTRON	CODING			4911	KEEP	ON
chr1	243736145	A	G	93	0	0.0	96	12	11.11	100.0	AKT3	AAAxCTG	NA	INTRON	CODING			465	KEEP	OFF
chr1	243736140	T	C	80	0	0.0	92	11	10.68	100.0	AKT3	TTCxCAA	NA	INTRON	CODING			465	KEEP	OFF
chr3	31494972	G	C	58	0	0.0	50	7	12.28	100.0		GAAxCCA	NA	INTERGENIC					KEEP	OFF
chr16	48093578	G	A	64	0	0.0	70	6	7.89	100.0		GGCxGCT	NA	INTERGENIC					KEEP	OFF
chr2	142012312	C	A	29	0	0.0	39	5	11.36	100.0	LRP1B	CTCxCAG	NA	INTRON	CODING			4599	KEEP	OFF
chr3	10106256	C	T	115	0	0.0	116	5	4.13	100.0	FANCD2	ACCxCTG	NA	INTRON	CODING			1451	KEEP	OFF
chr15	22148210	T	A	11	0	0.0	27	5	15.62	100.0		GATxTCT	375113075	INTERGENIC					KEEP	OFF
chr1	45297584	G	A	121	0	0.0	86	4	4.44	100.0	PTCH2	CTCxGTC	368918674	INTRON	CODING			1146	KEEP	OFF
chr3	149656709	C	A	54	0	0.0	42	4	8.7	100.0	RNF13	CAGxCAG	NA	INTRON	CODING			381	KEEP	OFF
chr3	197348473	T	C	77	0	0.0	66	4	5.71	100.0	LOC220729	ACGxAAT	4857511	INTRON	NON_CODING				KEEP	OFF
chr5	31504799	C	T	91	0	0.0	71	4	5.33	100.0	DROSHA	GCAxGGT	NA	INTRON	CODING			1337	KEEP	OFF
chr10	97963723	G	A	108	0	0.0	60	4	6.25	100.0	BLNK	AGCxACA	NA	INTRON	CODING			299	KEEP	OFF
chrY	14107625	C	T	64	0	0.0	84	4	4.55	100.0		CTCxCCA	NA	INTERGENIC					KEEP	OFF
chr1	120056744	G	T	28	0	0.0	34	3	8.11	100.0	HSD3B1	TCTxCTA	NA	NON_SYNONYMOUS_CODING	CODING	Gct/Tct	A200S	373	KEEP	OFF
chr2	25469790	C	A	44	0	0.0	42	3	6.67	100.0	DNMT3A	GGGxGAG	NA	INTRON	CODING			723	KEEP	OFF
chr2	85534659	G	A	34	0	0.0	6	3	33.33	100.0	TCF7L1	ATCxAGA	74957860	INTRON	CODING			588	KEEP	OFF
chr8	43831617	C	G	32	0	0.0	19	3	13.64	100.0		TATxTGG	200099035	INTERGENIC					KEEP	OFF
chr12	132528054	G	A	46	0	0.0	45	3	6.25	100.0	EP400	GACxCTT	375522548	INTRON	CODING			3123	KEEP	OFF
chr16	55783974	C	T	57	0	0.0	46	3	6.12	100.0	CES1P2	CTTxGCC	NA	EXON	NON_CODING				KEEP	OFF
chr22	23653936	G	A	45	0	0.0	30	3	9.09	100.0	BCR	ATCxAGC	NA	NON_SYNONYMOUS_CODING	CODING	Gag/Aag	E1035K	1227	KEEP	OFF
chr22	36722813	G	A	55	0	0.0	28	3	9.68	100.0	MYH9	CGTxAAG	NA	INTRON	CODING			1960	KEEP	OFF
chr1	3189699	G	A	17	0	0.0	5	2	28.57	100.0	PRDM16	GGGxCAG	NA	INTRON	CODING			1257	KEEP	OFF
chr1	6537507	C	A	12	0	0.0	5	2	28.57	100.0	PLEKHG5	TGAxGCC	NA	INTRON	CODING			1006	KEEP	OFF
chr1	106240870	G	T	22	0	0.0	8	2	20.0	100.0		CCAxGAA	NA	INTERGENIC					KEEP	OFF
chr1	149060235	G	T	16	0	0.0	10	2	16.67	100.0	NBPF25P	TCAxCCA	NA	INTRON	NON_CODING				KEEP	OFF
chr1	156956079	C	T	8	0	0.0	6	2	25.0	100.0	ARHGEF11	AACxTAC	NA	INTRON	CODING			1522	KEEP	OFF
chr3	169427324	C	T	22	0	0.0	6	2	25.0	100.0		TTCxGGC	NA	INTERGENIC					KEEP	OFF
chr7	20784918	G	A	13	0	0.0	6	2	25.0	100.0	ABCB5	ATCxTTC	NA	NON_SYNONYMOUS_CODING	CODING	Gtt/Att	V1096I	1257	KEEP	OFF
chr8	9623117	C	A	18	0	0.0	10	2	16.67	100.0	TNKS	AACxTTC	NA	INTRON	CODING			1327	KEEP	OFF
chr8	43838646	A	G	9	0	0.0	10	2	16.67	100.0		CATxTTT	NA	INTERGENIC					KEEP	OFF
chr11	59940336	G	T	13	0	0.0	5	2	28.57	100.0	MS4A6A	ATTxCCA	NA	INTRON	CODING			178	KEEP	OFF
chr12	5541563	G	A	18	0	0.0	5	2	28.57	100.0	NTF3	CACxTGG	NA	INTRON	CODING			270	KEEP	OFF
chr13	88545809	C	T	8	0	0.0	6	2	25.0	100.0		GCTxATG	NA	INTERGENIC					KEEP	OFF
chr16	46386510	C	T	19	0	0.0	11	2	15.38	100.0		ATTxGAT	9938672	INTERGENIC					KEEP	OFF
chr16	46390730	G	T	9	0	0.0	5	2	28.57	100.0		GTCxAGT	NA	INTERGENIC					KEEP	OFF
chr16	46406575	G	T	21	0	0.0	14	2	12.5	100.0		CCTxTGA	4453526	INTERGENIC					KEEP	OFF
chr17	25265230	G	A	10	0	0.0	2	2	50.0	100.0		AAAxGTG	NA	INTERGENIC					KEEP	OFF
chr19	1618990	T	A	9	0	0.0	6	2	25.0	100.0	TCF3	ATGxCAC	NA	INTRON	CODING			651	KEEP	OFF
chrUn_gl000220	122776	G	A	14	0	0.0	7	2	22.22	100.0	RNA45S5	CCCxGGT	NA	DOWNSTREAM	NON_CODING	3996			KEEP	OFF
chrUn_gl000220	137690	C	T	9	0	0.0	6	2	25.0	100.0		CGAxGAG	NA	INTERGENIC					KEEP	OFF
chrUn_gl000220	144226	C	A	10	0	0.0	5	2	28.57	100.0		TCTxGTC	NA	INTERGENIC					KEEP	OFF
chrUn_gl000225	135021	G	A	10	0	0.0	1	2	66.67	100.0		TAGxCTC	NA	INTERGENIC					KEEP	OFF
chr10	42356783	C	T	80	2	2.44	0	2	100.0	40.9836065574		ATTxCAT	NA	INTERGENIC					KEEP	OFF
chr4	49158483	C	G	46	2	4.17	2	2	50.0	11.9904076739		ATTxCAT	NA	INTERGENIC					KEEP	OFF
chr4	49100615	C	T	22	1	4.35	2	2	50.0	11.4942528736		TTCxGTT	NA	INTERGENIC					KEEP	OFF
chr21	10820050	G	A	19	1	5.0	2	2	50.0	10.0		AATxGAA	201425222	INTERGENIC					KEEP	OFF
chr16	46391941	G	A	89	1	1.11	59	6	9.23	8.31531531532		TCCxTTC	4249500	INTERGENIC					KEEP	OFF
chr5	142601872	G	A	129	1	0.77	83	4	4.6	5.97402597403	ARHGAP26	CCTxCTC	NA	INTRON	CODING			759	KEEP	OFF
chr16	46401863	T	C	31	1	3.12	20	4	16.67	5.34294871795		TAAxGAT	4249045	INTERGENIC					KEEP	OFF
chr7	94043325	C	T	77	1	1.28	56	4	6.67	5.2109375	COL1A2	TACxGTA	138409741	INTRON	CODING			1366	KEEP	OFF
chrY	14106254	G	A	136	1	0.73	128	5	3.76	5.15068493151		GACxCCG	NA	INTERGENIC					KEEP	OFF
chr1	145532050	G	A	49	1	2.0	40	4	9.09	4.545	ITGA10	TGTxTAT	199527390	INTRON	CODING			1167	KEEP	OFF
chr17	22253144	T	C	81	4	4.71	11	3	21.43	4.54989384289		CTCxCTG	4107688	INTERGENIC					KEEP	OFF
chr3	197348431	A	G	31	1	3.12	31	5	13.89	4.45192307692	LOC220729	GTCxCTG	4857535	INTRON	NON_CODING				KEEP	OFF
chrUn_gl000226	6992	A	C	39	2	4.88	10	2	16.67	3.41598360656		TTGxACA	NA	INTERGENIC					KEEP	OFF
chrY	13868444	T	A	150	5	3.23	35	4	10.26	3.17647058824		GAAxGGA	NA	INTERGENIC					KEEP	OFF
chr1	121485411	A	C	448	8	1.75	184	10	5.15	2.94285714286		TTCxTAT	57888362	INTERGENIC					KEEP	OFF
chr10	42392354	T	A	117	4	3.31	40	4	9.09	2.74622356495		AATxGAA	61848546	INTERGENIC					KEEP	OFF
chr1	9781716	C	A	40	1	2.44	43	3	6.52	2.67213114754	PIK3CD	GGAxGTT	NA	INTRON	CODING			1044	KEEP	OFF
chr6	58778338	C	T	29	1	3.33	32	3	8.57	2.57357357357		CACxGAG	NA	INTERGENIC					KEEP	OFF
chr1	7826667	G	A	85	3	3.41	39	3	7.14	2.09384164223	VAMP3	CACxTAC	NA	UPSTREAM	CODING	4662		100	KEEP	OFF
chr7	61969611	T	C	139	4	2.8	78	4	4.88	1.74285714286		GAGxTTG	4409294	INTERGENIC					KEEP	OFF
chr16	46395394	A	T	45	2	4.26	55	4	6.78	1.59154929577		TACxTTG	4270324	INTERGENIC					KEEP	OFF
chr7	61970376	A	C	239	7	2.85	206	9	4.19	1.4701754386		TGAxTGC	4294067	INTERGENIC					KEEP	OFF
chr1	121485422	G	T	294	14	4.55	126	8	5.97	1.31208791209		CTAxACA	55849960	INTERGENIC					KEEP	OFF
chr10	42392701	C	G	289	15	4.93	183	11	5.67	1.15010141988		GGAxTCA	1141204	INTERGENIC					KEEP	OFF
chr7	151970705	A	C	723	38	4.99	647	32	4.71	0.943887775551	KMT2C	TAGxATA	NA	INTRON	CODING			4911	KEEP	OFF
chr1	121485354	G	C	656	34	4.93	318	15	4.5	0.912778904665		AAAxTCT	1138156	INTERGENIC					KEEP	OFF
chr21	11058322	C	T	787	28	3.44	736	22	2.9	0.843023255814	BAGE2	CATxGCT	NA	NON_SYNONYMOUS_CODING	CODING	Gat/Aat	D40N	109	KEEP	OFF

